,star_player,LINEUP_ARCHETYPE,player1_archetype,player2_archetype,player3_archetype,player4_archetype,offensive_rating,defensive_rating,net_rating,min_sum
0,Anthony Edwards,All Around Guard-Rim Runner/Protector-Wing Shot Creator-Wing Shot Creator,All Around Guard,Rim Runner/Protector,Wing Shot Creator,Wing Shot Creator,115.58245862884161,108.92685579196217,6.639101654846336,2115.0
1,Anthony Edwards,Pure Point Guard-Rim Runner/Protector-Shot Creator Guard-Wing Shot Creator,Pure Point Guard,Rim Runner/Protector,Shot Creator Guard,Wing Shot Creator,119.88291746641075,108.1502879078695,11.738963531669867,521.0
2,Anthony Edwards,All Around Guard-Movement Shooter-Rim Runner/Protector-Wing Shot Creator,All Around Guard,Movement Shooter,Rim Runner/Protector,Wing Shot Creator,112.70693641618497,101.93391136801542,10.798651252408478,519.0
3,Anthony Edwards,All Around Guard-Movement Shooter-Wing Shot Creator-Wing Shot Creator,All Around Guard,Movement Shooter,Wing Shot Creator,Wing Shot Creator,116.7406976744186,108.66453488372093,8.146511627906976,344.0
4,Anthony Edwards,Rim Runner/Protector-Shot Creator Guard-Wing Shot Creator-Wing Shot Creator,Rim Runner/Protector,Shot Creator Guard,Wing Shot Creator,Wing Shot Creator,114.6,101.7,12.9,253.0
5,Anthony Edwards,All Around Big-All Around Guard-Movement Shooter-Wing Shot Creator,All Around Big,All Around Guard,Movement Shooter,Wing Shot Creator,113.76074074074074,105.46074074074075,8.27111111111111,135.0
6,Anthony Edwards,All Around Big-Movement Shooter-Post Scorer-Rim Runner/Protector,All Around Big,Movement Shooter,Post Scorer,Rim Runner/Protector,117.29999999999998,86.4,30.9,99.0
7,Anthony Edwards,All Around Big-All Around Guard-Wing Shot Creator-Wing Shot Creator,All Around Big,All Around Guard,Wing Shot Creator,Wing Shot Creator,123.20659340659341,119.38901098901098,3.8076923076923084,91.0
8,Anthony Edwards,All Around Big-Pure Point Guard-Rim Runner/Protector-Shot Creator Guard,All Around Big,Pure Point Guard,Rim Runner/Protector,Shot Creator Guard,117.62134831460675,88.44943820224718,29.10112359550562,89.0
9,Anthony Edwards,All Around Big-All Around Guard-Movement Shooter-Post Scorer,All Around Big,All Around Guard,Movement Shooter,Post Scorer,108.60000000000001,97.9816091954023,10.564367816091954,87.0
10,Anthony Edwards,3&D-Movement Shooter-Pure Point Guard-Rim Runner/Protector,3&D,Movement Shooter,Pure Point Guard,Rim Runner/Protector,115.51176470588236,89.12588235294118,26.385882352941177,85.0
11,Anthony Edwards,3&D-Pure Point Guard-Rim Runner/Protector-Wing Shot Creator,3&D,Pure Point Guard,Rim Runner/Protector,Wing Shot Creator,110.446875,93.721875,16.825,64.0
12,Anthony Edwards,All Around Guard-Movement Shooter-Post Scorer-Rim Runner/Protector,All Around Guard,Movement Shooter,Post Scorer,Rim Runner/Protector,115.94285714285715,104.49642857142858,11.457142857142856,56.0
13,Anthony Edwards,All Around Guard-Movement Shooter-Post Scorer-Wing Shot Creator,All Around Guard,Movement Shooter,Post Scorer,Wing Shot Creator,122.71320754716982,98.03018867924528,24.735849056603772,53.0
14,Anthony Edwards,All Around Big-All Around Guard-Post Scorer-Rim Runner/Protector,All Around Big,All Around Guard,Post Scorer,Rim Runner/Protector,110.41428571428571,95.88163265306122,14.532653061224488,49.0
15,Devin Booker,3&D-Movement Shooter-Post Scorer-Shot Creator Guard,3&D,Movement Shooter,Post Scorer,Shot Creator Guard,117.44454148471617,110.9113537117904,6.545633187772926,916.0
16,Devin Booker,Movement Shooter-Post Scorer-Wing Shot Creator-Wing Shot Creator,Movement Shooter,Post Scorer,Wing Shot Creator,Wing Shot Creator,124.67596638655462,113.91428571428571,10.767899159663864,595.0
17,Devin Booker,Movement Shooter-Movement Shooter-Post Scorer-Wing Shot Creator,Movement Shooter,Movement Shooter,Post Scorer,Wing Shot Creator,113.27762039660057,106.26033994334279,7.01728045325779,353.0
18,Devin Booker,Movement Shooter-Pure Point Guard-Rim Runner/Protector-Wing Shot Creator,Movement Shooter,Pure Point Guard,Rim Runner/Protector,Wing Shot Creator,121.15463917525773,106.60103092783504,14.547422680412371,291.0
19,Devin Booker,3&D-Pure Point Guard-Rim Runner/Protector-Wing Shot Creator,3&D,Pure Point Guard,Rim Runner/Protector,Wing Shot Creator,118.98274647887324,105.35985915492957,13.629225352112677,284.0
20,Devin Booker,3&D-3&D-All Around Big-Pure Point Guard,3&D,3&D,All Around Big,Pure Point Guard,116.929718875502,107.48554216867468,9.352208835341367,249.0
21,Devin Booker,Movement Shooter-Post Scorer-Pure Point Guard-Shot Creator Guard,Movement Shooter,Post Scorer,Pure Point Guard,Shot Creator Guard,119.20506329113924,100.71772151898735,18.4873417721519,237.0
22,Devin Booker,Post Scorer-Post Scorer-Pure Point Guard-Rim Runner/Protector,Post Scorer,Post Scorer,Pure Point Guard,Rim Runner/Protector,114.5578947368421,104.00287081339712,10.555023923444976,209.0
23,Devin Booker,Movement Shooter-Movement Shooter-Post Scorer-Shot Creator Guard,Movement Shooter,Movement Shooter,Post Scorer,Shot Creator Guard,118.95049019607843,107.83823529411765,11.112254901960782,204.0
24,Devin Booker,3&D-All Around Big-Movement Shooter-Wing Shot Creator,3&D,All Around Big,Movement Shooter,Wing Shot Creator,123.14444444444443,105.93024691358025,17.21111111111111,162.0
25,Devin Booker,Movement Shooter-Movement Shooter-Post Scorer-Pure Point Guard,Movement Shooter,Movement Shooter,Post Scorer,Pure Point Guard,117.5,101.0,16.5,142.0
26,Devin Booker,All Around Guard-Movement Shooter-Movement Shooter-Stretch Big,All Around Guard,Movement Shooter,Movement Shooter,Stretch Big,118.81680672268908,102.95546218487395,15.861344537815125,119.0
27,Devin Booker,Movement Shooter-Movement Shooter-Wing Shot Creator-Wing Shot Creator,Movement Shooter,Movement Shooter,Wing Shot Creator,Wing Shot Creator,125.15578947368421,111.14105263157894,14.014736842105265,95.0
28,Devin Booker,3&D-All Around Guard-Post Scorer-Pure Point Guard,3&D,All Around Guard,Post Scorer,Pure Point Guard,112.95614035087719,95.17894736842106,17.76842105263158,57.0
29,Devin Booker,All Around Guard-Movement Shooter-Rim Runner/Protector-Wing Shot Creator,All Around Guard,Movement Shooter,Rim Runner/Protector,Wing Shot Creator,135.5490909090909,122.34363636363636,13.214545454545453,55.0
30,Giannis Antetokounmpo,3&D-All Around Big-Shot Creator Guard-Wing Shot Creator,3&D,All Around Big,Shot Creator Guard,Wing Shot Creator,108.91698113207548,91.91169811320755,16.92396226415094,530.0
31,Giannis Antetokounmpo,3&D-All Around Big-Pure Point Guard-Shot Creator Guard,3&D,All Around Big,Pure Point Guard,Shot Creator Guard,115.8238578680203,98.41319796954315,17.410659898477157,197.0
32,Giannis Antetokounmpo,All Around Big-Movement Shooter-Shot Creator Guard-Shot Creator Guard,All Around Big,Movement Shooter,Shot Creator Guard,Shot Creator Guard,129.72164948453607,110.20257731958762,19.543814432989688,194.0
33,Giannis Antetokounmpo,3&D-Movement Shooter-Post Scorer-Shot Creator Guard,3&D,Movement Shooter,Post Scorer,Shot Creator Guard,120.30659340659342,97.59285714285716,22.713736263736262,182.0
34,Giannis Antetokounmpo,Movement Shooter-Shot Creator Guard-Shot Creator Guard-Stretch Big,Movement Shooter,Shot Creator Guard,Shot Creator Guard,Stretch Big,117.1,94.69066666666667,22.385333333333335,150.0
35,Giannis Antetokounmpo,Movement Shooter-Movement Shooter-Shot Creator Guard-Wing Shot Creator,Movement Shooter,Movement Shooter,Shot Creator Guard,Wing Shot Creator,112.34027777777777,96.50347222222223,15.836805555555555,144.0
36,Giannis Antetokounmpo,All Around Big-Shot Creator Guard-Stretch Big-Wing Shot Creator,All Around Big,Shot Creator Guard,Stretch Big,Wing Shot Creator,112.58916666666667,93.30583333333334,19.243333333333332,120.0
37,Giannis Antetokounmpo,Movement Shooter-Movement Shooter-Movement Shooter-Shot Creator Guard,Movement Shooter,Movement Shooter,Movement Shooter,Shot Creator Guard,138.39298245614037,91.38859649122806,47.00438596491228,114.0
38,Giannis Antetokounmpo,All Around Big-All Around Guard-Pure Point Guard-Wing Shot Creator,All Around Big,All Around Guard,Pure Point Guard,Wing Shot Creator,123.801,89.355,34.44,100.0
39,Giannis Antetokounmpo,Glue guy-Post Scorer-Post Scorer-Wing Shot Creator,Glue guy,Post Scorer,Post Scorer,Wing Shot Creator,121.55882352941177,109.77794117647059,11.780882352941177,68.0
40,Giannis Antetokounmpo,3&D-All Around Big-Wing Shot Creator-Wing Shot Creator,3&D,All Around Big,Wing Shot Creator,Wing Shot Creator,102.0,78.9,23.0,66.0
41,Giannis Antetokounmpo,All Around Big-Pure Point Guard-Shot Creator Guard-Wing Shot Creator,All Around Big,Pure Point Guard,Shot Creator Guard,Wing Shot Creator,115.62857142857142,92.02857142857144,23.599999999999998,56.0
42,Giannis Antetokounmpo,All Around Guard-Movement Shooter-Rim Runner/Protector-Wing Shot Creator,All Around Guard,Movement Shooter,Rim Runner/Protector,Wing Shot Creator,120.81964285714285,89.99285714285715,30.81607142857143,56.0
43,Giannis Antetokounmpo,All Around Guard-Stretch Big-Wing Shot Creator-Wing Shot Creator,All Around Guard,Stretch Big,Wing Shot Creator,Wing Shot Creator,126.93333333333332,97.71666666666667,29.22222222222222,54.0
44,Giannis Antetokounmpo,3&D-Post Scorer-Shot Creator Guard-Wing Shot Creator,3&D,Post Scorer,Shot Creator Guard,Wing Shot Creator,113.80384615384615,85.07115384615385,28.692307692307693,52.0
45,James Harden,3&D-Rim Runner/Protector-Shot Creator Guard-Wing Shot Creator,3&D,Rim Runner/Protector,Shot Creator Guard,Wing Shot Creator,112.13888888888889,94.58188405797102,17.558695652173913,414.0
46,James Harden,Movement Shooter-Rim Runner/Protector-Shot Creator Guard-Wing Shot Creator,Movement Shooter,Rim Runner/Protector,Shot Creator Guard,Wing Shot Creator,118.26753926701569,102.95785340314137,15.305235602094243,382.0
47,James Harden,Rim Runner/Protector-Shot Creator Guard-Stretch Big-Wing Shot Creator,Rim Runner/Protector,Shot Creator Guard,Stretch Big,Wing Shot Creator,117.95945945945945,101.27027027027027,16.64894894894895,333.0
48,James Harden,All Around Big-All Around Guard-Stretch Big-Wing Shot Creator,All Around Big,All Around Guard,Stretch Big,Wing Shot Creator,122.30000000000001,102.09999999999998,20.2,323.0
49,James Harden,3&D-3&D-Movement Shooter-Rim Runner/Protector,3&D,3&D,Movement Shooter,Rim Runner/Protector,129.05982142857144,108.02142857142857,21.04375,112.0
50,James Harden,All Around Guard-Rim Runner/Protector-Rim Runner/Protector-Wing Shot Creator,All Around Guard,Rim Runner/Protector,Rim Runner/Protector,Wing Shot Creator,121.16055045871559,105.8605504587156,15.323853211009176,109.0
51,James Harden,Movement Shooter-Shot Creator Guard-Stretch Big-Wing Shot Creator,Movement Shooter,Shot Creator Guard,Stretch Big,Wing Shot Creator,127.27411764705883,106.20823529411766,21.065882352941177,85.0
52,James Harden,Movement Shooter-Pure Point Guard-Rim Runner/Protector-Shot Creator Guard,Movement Shooter,Pure Point Guard,Rim Runner/Protector,Shot Creator Guard,127.21645569620253,87.06835443037976,40.22658227848101,79.0
53,James Harden,3&D-3&D-Movement Shooter-Shot Creator Guard,3&D,3&D,Movement Shooter,Shot Creator Guard,123.0662162162162,98.92027027027027,24.145945945945947,74.0
54,James Harden,All Around Guard-Rim Runner/Protector-Stretch Big-Wing Shot Creator,All Around Guard,Rim Runner/Protector,Stretch Big,Wing Shot Creator,141.03478260869565,119.58695652173913,21.428985507246377,69.0
55,James Harden,Pure Point Guard-Rim Runner/Protector-Stretch Big-Wing Shot Creator,Pure Point Guard,Rim Runner/Protector,Stretch Big,Wing Shot Creator,124.1,105.6,18.5,66.0
56,James Harden,All Around Guard-Rim Runner/Protector-Wing Shot Creator-Wing Shot Creator,All Around Guard,Rim Runner/Protector,Wing Shot Creator,Wing Shot Creator,114.5725806451613,93.06129032258065,21.54516129032258,62.0
57,James Harden,3&D-Movement Shooter-Shot Creator Guard-Stretch Big,3&D,Movement Shooter,Shot Creator Guard,Stretch Big,125.105,96.36333333333333,28.773333333333333,60.0
58,James Harden,All Around Big-Movement Shooter-Movement Shooter-Wing Shot Creator,All Around Big,Movement Shooter,Movement Shooter,Wing Shot Creator,121.87499999999999,99.16666666666667,22.708333333333336,60.0
59,James Harden,Movement Shooter-Movement Shooter-Movement Shooter-Rim Runner/Protector,Movement Shooter,Movement Shooter,Movement Shooter,Rim Runner/Protector,126.72115384615384,99.42307692307692,27.340384615384615,52.0
60,Kawhi Leonard,All Around Guard-Post Scorer-Stretch Big-Wing Shot Creator,All Around Guard,Post Scorer,Stretch Big,Wing Shot Creator,121.00746606334842,104.01402714932127,17.032579185520362,442.0
61,Kawhi Leonard,All Around Guard-Movement Shooter-Rim Runner/Protector-Shot Creator Guard,All Around Guard,Movement Shooter,Rim Runner/Protector,Shot Creator Guard,118.03875968992249,99.14392764857881,18.897932816537466,387.0
62,Kawhi Leonard,All Around Guard-Rim Runner/Protector-Shot Creator Guard-Stretch Big,All Around Guard,Rim Runner/Protector,Shot Creator Guard,Stretch Big,119.75180327868853,99.7272131147541,20.019344262295082,305.0
63,Kawhi Leonard,3&D-All Around Guard-Post Scorer-Post Scorer,3&D,All Around Guard,Post Scorer,Post Scorer,113.31076923076922,91.28846153846153,22.08076923076923,260.0
64,Kawhi Leonard,Rim Runner/Protector-Shot Creator Guard-Shot Creator Guard-Stretch Big,Rim Runner/Protector,Shot Creator Guard,Shot Creator Guard,Stretch Big,124.65753424657532,103.65981735159818,20.921461187214614,219.0
65,Kawhi Leonard,All Around Guard-All Around Guard-Rim Runner/Protector-Wing Shot Creator,All Around Guard,All Around Guard,Rim Runner/Protector,Wing Shot Creator,120.80197044334975,97.93891625615763,22.863054187192116,203.0
66,Kawhi Leonard,All Around Guard-Rim Runner/Protector-Shot Creator Guard-Wing Shot Creator,All Around Guard,Rim Runner/Protector,Shot Creator Guard,Wing Shot Creator,124.90529411764705,111.51176470588236,13.36,170.0
67,Kawhi Leonard,All Around Big-Movement Shooter-Pure Point Guard-Wing Shot Creator,All Around Big,Movement Shooter,Pure Point Guard,Wing Shot Creator,120.62027972027973,100.23286713286713,20.387412587412587,143.0
68,Kawhi Leonard,All Around Guard-All Around Guard-Movement Shooter-Rim Runner/Protector,All Around Guard,All Around Guard,Movement Shooter,Rim Runner/Protector,118.52090909090909,96.55454545454545,21.96636363636364,110.0
69,Kawhi Leonard,3&D-All Around Guard-Post Scorer-Stretch Big,3&D,All Around Guard,Post Scorer,Stretch Big,129.86206896551724,107.47701149425288,22.385057471264368,87.0
70,Kawhi Leonard,All Around Guard-Glue guy-Rim Runner/Protector-Shot Creator Guard,All Around Guard,Glue guy,Rim Runner/Protector,Shot Creator Guard,116.19176470588235,95.3435294117647,20.85411764705882,85.0
71,Kawhi Leonard,All Around Guard-Post Scorer-Pure Point Guard-Stretch Big,All Around Guard,Post Scorer,Pure Point Guard,Stretch Big,115.21666666666667,89.86166666666666,25.335,60.0
72,Kawhi Leonard,3&D-All Around Guard-Post Scorer-Pure Point Guard,3&D,All Around Guard,Post Scorer,Pure Point Guard,100.04814814814816,78.72962962962963,21.318518518518516,54.0
73,Kawhi Leonard,3&D-Post Scorer-Shot Creator Guard-Shot Creator Guard,3&D,Post Scorer,Shot Creator Guard,Shot Creator Guard,119.58846153846153,93.77884615384616,25.809615384615384,52.0
74,Kawhi Leonard,Movement Shooter-Post Scorer-Pure Point Guard-Pure Point Guard,Movement Shooter,Post Scorer,Pure Point Guard,Pure Point Guard,127.85599999999998,80.00999999999999,47.864000000000004,50.0
75,Kevin Durant,All Around Big-Post Scorer-Shot Creator Guard-Shot Creator Guard,All Around Big,Post Scorer,Shot Creator Guard,Shot Creator Guard,121.45508021390374,97.8174688057041,23.732442067736184,561.0
76,Kevin Durant,All Around Big-Shot Creator Guard-Shot Creator Guard-Wing Shot Creator,All Around Big,Shot Creator Guard,Shot Creator Guard,Wing Shot Creator,120.9,98.6,22.4,224.0
77,Kevin Durant,Movement Shooter-Shot Creator Guard-Wing Shot Creator-Wing Shot Creator,Movement Shooter,Shot Creator Guard,Wing Shot Creator,Wing Shot Creator,121.67593582887699,99.43689839572191,22.23903743315508,187.0
78,Kevin Durant,All Around Big-Rim Runner/Protector-Shot Creator Guard-Wing Shot Creator,All Around Big,Rim Runner/Protector,Shot Creator Guard,Wing Shot Creator,116.14065934065933,93.46813186813185,22.653846153846153,182.0
79,Kevin Durant,3&D-All Around Big-Pure Point Guard-Shot Creator Guard,3&D,All Around Big,Pure Point Guard,Shot Creator Guard,120.56533333333333,103.18933333333334,17.375999999999998,150.0
80,Kevin Durant,Post Scorer-Rim Runner/Protector-Shot Creator Guard-Wing Shot Creator,Post Scorer,Rim Runner/Protector,Shot Creator Guard,Wing Shot Creator,122.80675675675677,101.86689189189188,20.944594594594594,148.0
81,Kevin Durant,All Around Big-Rim Runner/Protector-Shot Creator Guard-Shot Creator Guard,All Around Big,Rim Runner/Protector,Shot Creator Guard,Shot Creator Guard,122.8,92.35,30.449999999999992,140.0
82,Kevin Durant,3&D-All Around Big-Movement Shooter-Shot Creator Guard,3&D,All Around Big,Movement Shooter,Shot Creator Guard,121.95279999999998,98.8432,23.109599999999997,125.0
83,Kevin Durant,All Around Guard-Movement Shooter-Rim Runner/Protector-Shot Creator Guard,All Around Guard,Movement Shooter,Rim Runner/Protector,Shot Creator Guard,122.84952380952382,102.04380952380953,20.81047619047619,105.0
84,Kevin Durant,Movement Shooter-Movement Shooter-Shot Creator Guard-Wing Shot Creator,Movement Shooter,Movement Shooter,Shot Creator Guard,Wing Shot Creator,125.15578947368421,111.14105263157894,14.014736842105265,95.0
85,Kevin Durant,3&D-Movement Shooter-Movement Shooter-Rim Runner/Protector,3&D,Movement Shooter,Movement Shooter,Rim Runner/Protector,130.97236842105266,102.1092105263158,28.793421052631576,76.0
86,Kevin Durant,All Around Guard-All Around Guard-Post Scorer-Shot Creator Guard,All Around Guard,All Around Guard,Post Scorer,Shot Creator Guard,124.4984126984127,88.24920634920635,36.249206349206354,63.0
87,Kevin Durant,3&D-All Around Guard-Rim Runner/Protector-Wing Shot Creator,3&D,All Around Guard,Rim Runner/Protector,Wing Shot Creator,128.5157894736842,109.32982456140351,19.1859649122807,57.0
88,Kevin Durant,Movement Shooter-Rim Runner/Protector-Rim Runner/Protector-Shot Creator Guard,Movement Shooter,Rim Runner/Protector,Rim Runner/Protector,Shot Creator Guard,136.00980392156862,98.01176470588236,37.98823529411765,51.0
89,Kevin Durant,All Around Big-Rim Runner/Protector-Wing Shot Creator-Wing Shot Creator,All Around Big,Rim Runner/Protector,Wing Shot Creator,Wing Shot Creator,117.90416666666665,71.23333333333333,46.67083333333333,48.0
90,LeBron James,Movement Shooter-Rim Runner/Protector-Shot Creator Guard-Wing Shot Creator,Movement Shooter,Rim Runner/Protector,Shot Creator Guard,Wing Shot Creator,116.92585365853658,95.88243902439025,21.05121951219512,205.0
91,LeBron James,All Around Guard-Movement Shooter-Rim Runner/Protector-Wing Shot Creator,All Around Guard,Movement Shooter,Rim Runner/Protector,Wing Shot Creator,120.69072164948453,106.62783505154638,13.98556701030928,194.0
92,LeBron James,All Around Big-Glue guy-Rim Runner/Protector-Shot Creator Guard,All Around Big,Glue guy,Rim Runner/Protector,Shot Creator Guard,128.25699481865286,98.46683937823833,29.79015544041451,193.0
93,LeBron James,All Around Big-All Around Guard-Pure Point Guard-Rim Runner/Protector,All Around Big,All Around Guard,Pure Point Guard,Rim Runner/Protector,112.31122994652407,88.33208556149732,23.964705882352938,187.0
94,LeBron James,All Around Guard-Movement Shooter-Shot Creator Guard-Stretch Big,All Around Guard,Movement Shooter,Shot Creator Guard,Stretch Big,135.67712418300653,100.40980392156862,35.26732026143791,153.0
95,LeBron James,All Around Big-All Around Guard-Pure Point Guard-Wing Shot Creator,All Around Big,All Around Guard,Pure Point Guard,Wing Shot Creator,118.87454545454545,101.40363636363637,17.46181818181818,110.0
96,LeBron James,Shot Creator Guard-Shot Creator Guard-Stretch Big-Stretch Big,Shot Creator Guard,Shot Creator Guard,Stretch Big,Stretch Big,124.9,106.3,18.6,108.0
97,LeBron James,3&D-All Around Big-Movement Shooter-Pure Point Guard,3&D,All Around Big,Movement Shooter,Pure Point Guard,110.85809523809525,94.15714285714286,16.69142857142857,105.0
98,LeBron James,All Around Guard-Pure Point Guard-Rim Runner/Protector-Wing Shot Creator,All Around Guard,Pure Point Guard,Rim Runner/Protector,Wing Shot Creator,113.19555555555556,85.87222222222222,27.308888888888887,90.0
99,LeBron James,3&D-All Around Big-Pure Point Guard-Wing Shot Creator,3&D,All Around Big,Pure Point Guard,Wing Shot Creator,128.36714285714288,79.78714285714287,48.60285714285715,70.0
100,LeBron James,Glue guy-Movement Shooter-Rim Runner/Protector-Shot Creator Guard,Glue guy,Movement Shooter,Rim Runner/Protector,Shot Creator Guard,132.9268656716418,107.87462686567163,25.05223880597015,67.0
101,LeBron James,All Around Big-All Around Guard-Pure Point Guard-Shot Creator Guard,All Around Big,All Around Guard,Pure Point Guard,Shot Creator Guard,124.39384615384616,99.34153846153846,25.05230769230769,65.0
102,LeBron James,3&D-Movement Shooter-Rim Runner/Protector-Shot Creator Guard,3&D,Movement Shooter,Rim Runner/Protector,Shot Creator Guard,136.9873015873016,112.4936507936508,24.493650793650794,63.0
103,LeBron James,All Around Big-Movement Shooter-Movement Shooter-Stretch Big,All Around Big,Movement Shooter,Movement Shooter,Stretch Big,119.60689655172415,106.06896551724138,13.537931034482757,58.0
104,LeBron James,Glue guy-Movement Shooter-Stretch Big-Wing Shot Creator,Glue guy,Movement Shooter,Stretch Big,Wing Shot Creator,132.40545454545455,110.11999999999999,22.20727272727273,55.0
105,Luka Dončić,All Around Guard-Movement Shooter-Movement Shooter-Rim Runner/Protector,All Around Guard,Movement Shooter,Movement Shooter,Rim Runner/Protector,122.85938529088914,107.62568605927552,15.23271130625686,911.0
106,Luka Dončić,3&D-All Around Guard-Movement Shooter-Rim Runner/Protector,3&D,All Around Guard,Movement Shooter,Rim Runner/Protector,121.45399061032865,108.02629107981221,13.444366197183099,426.0
107,Luka Dončić,3&D-All Around Big-Movement Shooter-Pure Point Guard,3&D,All Around Big,Movement Shooter,Pure Point Guard,122.6442815249267,110.85366568914955,11.808211143695015,341.0
108,Luka Dončić,3&D-All Around Big-Rim Runner/Protector-Wing Shot Creator,3&D,All Around Big,Rim Runner/Protector,Wing Shot Creator,119.27453703703704,107.16342592592592,12.11111111111111,216.0
109,Luka Dončić,Movement Shooter-Movement Shooter-Rim Runner/Protector-Wing Shot Creator,Movement Shooter,Movement Shooter,Rim Runner/Protector,Wing Shot Creator,122.31734693877551,111.29438775510205,10.999489795918368,196.0
110,Luka Dončić,Movement Shooter-Movement Shooter-Stretch Big-Wing Shot Creator,Movement Shooter,Movement Shooter,Stretch Big,Wing Shot Creator,124.55314285714286,110.27428571428571,14.3,175.0
111,Luka Dončić,Movement Shooter-Stretch Big-Stretch Big-Wing Shot Creator,Movement Shooter,Stretch Big,Stretch Big,Wing Shot Creator,117.06941176470588,94.17588235294117,22.881176470588237,170.0
112,Luka Dončić,3&D-Movement Shooter-Pure Point Guard-Rim Runner/Protector,3&D,Movement Shooter,Pure Point Guard,Rim Runner/Protector,111.98055555555555,101.40370370370371,10.56296296296296,108.0
113,Luka Dončić,Shot Creator Guard-Stretch Big-Stretch Big-Wing Shot Creator,Shot Creator Guard,Stretch Big,Stretch Big,Wing Shot Creator,124.9,106.3,18.6,108.0
114,Luka Dončić,3&D-Rim Runner/Protector-Stretch Big-Wing Shot Creator,3&D,Rim Runner/Protector,Stretch Big,Wing Shot Creator,128.12242990654207,96.68130841121496,31.43738317757009,107.0
115,Luka Dončić,All Around Big-Movement Shooter-Movement Shooter-Stretch Big,All Around Big,Movement Shooter,Movement Shooter,Stretch Big,123.26923076923077,107.00384615384615,16.333653846153844,104.0
116,Luka Dončić,3&D-All Around Guard-Pure Point Guard-Rim Runner/Protector,3&D,All Around Guard,Pure Point Guard,Rim Runner/Protector,119.53854166666667,101.30416666666667,18.20625,96.0
117,Luka Dončić,3&D-All Around Big-Movement Shooter-Movement Shooter,3&D,All Around Big,Movement Shooter,Movement Shooter,123.79753086419754,100.08641975308642,23.73827160493827,81.0
118,Luka Dončić,All Around Guard-Rim Runner/Protector-Shot Creator Guard-Wing Shot Creator,All Around Guard,Rim Runner/Protector,Shot Creator Guard,Wing Shot Creator,118.12375,92.42875000000001,25.72625,80.0
119,Luka Dončić,All Around Big-All Around Guard-All Around Guard-Movement Shooter,All Around Big,All Around Guard,All Around Guard,Movement Shooter,133.89183673469387,107.7204081632653,26.220408163265304,49.0
120,Nikola Jokić,Movement Shooter-Shot Creator Guard-Wing Shot Creator-Wing Shot Creator,Movement Shooter,Shot Creator Guard,Wing Shot Creator,Wing Shot Creator,123.40816326530614,110.51544217687075,12.89204081632653,1470.0
121,Nikola Jokić,Movement Shooter-Wing Shot Creator-Wing Shot Creator-Wing Shot Creator,Movement Shooter,Wing Shot Creator,Wing Shot Creator,Wing Shot Creator,120.96136363636363,108.18879870129871,12.730681818181818,616.0
122,Nikola Jokić,All Around Big-Movement Shooter-Pure Point Guard-Shot Creator Guard,All Around Big,Movement Shooter,Pure Point Guard,Shot Creator Guard,117.66828358208954,95.27947761194031,22.40186567164179,268.0
123,Nikola Jokić,Pure Point Guard-Shot Creator Guard-Shot Creator Guard-Wing Shot Creator,Pure Point Guard,Shot Creator Guard,Shot Creator Guard,Wing Shot Creator,119.9497975708502,103.06153846153846,16.887044534412958,247.0
124,Nikola Jokić,Movement Shooter-Movement Shooter-Wing Shot Creator-Wing Shot Creator,Movement Shooter,Movement Shooter,Wing Shot Creator,Wing Shot Creator,113.96666666666667,95.91094527363184,18.046268656716418,201.0
125,Nikola Jokić,Movement Shooter-Movement Shooter-Stretch Big-Wing Shot Creator,Movement Shooter,Movement Shooter,Stretch Big,Wing Shot Creator,123.90520833333333,99.48593749999999,24.435937499999998,192.0
126,Nikola Jokić,Wing Shot Creator-Wing Shot Creator-Wing Shot Creator-Wing Shot Creator,Wing Shot Creator,Wing Shot Creator,Wing Shot Creator,Wing Shot Creator,127.0,103.5,23.5,128.0
127,Nikola Jokić,Pure Point Guard-Pure Point Guard-Wing Shot Creator-Wing Shot Creator,Pure Point Guard,Pure Point Guard,Wing Shot Creator,Wing Shot Creator,120.36446280991736,96.48429752066116,23.921487603305785,121.0
128,Nikola Jokić,Rim Runner/Protector-Shot Creator Guard-Shot Creator Guard-Shot Creator Guard,Rim Runner/Protector,Shot Creator Guard,Shot Creator Guard,Shot Creator Guard,122.06636363636363,100.87636363636364,21.189999999999998,110.0
129,Nikola Jokić,All Around Guard-Rim Runner/Protector-Shot Creator Guard-Wing Shot Creator,All Around Guard,Rim Runner/Protector,Shot Creator Guard,Wing Shot Creator,127.98041237113402,85.0680412371134,42.91237113402062,97.0
130,Nikola Jokić,All Around Guard-Wing Shot Creator-Wing Shot Creator-Wing Shot Creator,All Around Guard,Wing Shot Creator,Wing Shot Creator,Wing Shot Creator,136.5090909090909,105.96363636363637,30.545454545454547,66.0
131,Nikola Jokić,All Around Guard-Movement Shooter-Shot Creator Guard-Stretch Big,All Around Guard,Movement Shooter,Shot Creator Guard,Stretch Big,113.05172413793103,87.53620689655173,25.51551724137931,58.0
132,Nikola Jokić,Rim Runner/Protector-Shot Creator Guard-Wing Shot Creator-Wing Shot Creator,Rim Runner/Protector,Shot Creator Guard,Wing Shot Creator,Wing Shot Creator,134.22363636363636,111.63090909090909,22.51818181818182,55.0
133,Nikola Jokić,All Around Guard-Glue guy-Shot Creator Guard-Stretch Big,All Around Guard,Glue guy,Shot Creator Guard,Stretch Big,115.6,83.7,32.0,51.0
134,Nikola Jokić,3&D-Movement Shooter-Post Scorer-Pure Point Guard,3&D,Movement Shooter,Post Scorer,Pure Point Guard,138.965306122449,83.01224489795918,55.86734693877551,49.0
135,Shai Gilgeous-Alexander,All Around Big-Movement Shooter-Shot Creator Guard-Wing Shot Creator,All Around Big,Movement Shooter,Shot Creator Guard,Wing Shot Creator,117.99701030927834,108.9242268041237,8.995463917525772,970.0
136,Shai Gilgeous-Alexander,Movement Shooter-Movement Shooter-Rim Runner/Protector-Shot Creator Guard,Movement Shooter,Movement Shooter,Rim Runner/Protector,Shot Creator Guard,117.16866666666667,101.55816666666666,15.549500000000002,600.0
137,Shai Gilgeous-Alexander,All Around Big-Movement Shooter-Movement Shooter-Shot Creator Guard,All Around Big,Movement Shooter,Movement Shooter,Shot Creator Guard,115.64296116504855,101.43203883495146,14.210922330097086,412.0
138,Shai Gilgeous-Alexander,Movement Shooter-Movement Shooter-Movement Shooter-Stretch Big,Movement Shooter,Movement Shooter,Movement Shooter,Stretch Big,126.63194444444444,97.32916666666667,29.32861111111111,360.0
139,Shai Gilgeous-Alexander,Movement Shooter-Movement Shooter-Movement Shooter-Shot Creator Guard,Movement Shooter,Movement Shooter,Movement Shooter,Shot Creator Guard,115.85095785440612,104.33793103448276,11.475095785440613,261.0
140,Shai Gilgeous-Alexander,3&D-Movement Shooter-Movement Shooter-Stretch Big,3&D,Movement Shooter,Movement Shooter,Stretch Big,121.98723404255318,98.06063829787233,23.886702127659575,188.0
141,Shai Gilgeous-Alexander,All Around Big-Movement Shooter-Rim Runner/Protector-Shot Creator Guard,All Around Big,Movement Shooter,Rim Runner/Protector,Shot Creator Guard,126.98,111.19277777777778,15.787222222222221,180.0
142,Shai Gilgeous-Alexander,All Around Big-Shot Creator Guard-Shot Creator Guard-Wing Shot Creator,All Around Big,Shot Creator Guard,Shot Creator Guard,Wing Shot Creator,127.89999999999999,98.0,29.900000000000002,177.0
143,Shai Gilgeous-Alexander,Movement Shooter-Movement Shooter-Movement Shooter-Rim Runner/Protector,Movement Shooter,Movement Shooter,Movement Shooter,Rim Runner/Protector,119.0,100.80872093023255,18.177325581395348,172.0
144,Shai Gilgeous-Alexander,3&D-Movement Shooter-Movement Shooter-Movement Shooter,3&D,Movement Shooter,Movement Shooter,Movement Shooter,119.26793893129769,108.02671755725191,11.23969465648855,131.0
145,Shai Gilgeous-Alexander,Movement Shooter-Movement Shooter-Movement Shooter-Movement Shooter,Movement Shooter,Movement Shooter,Movement Shooter,Movement Shooter,120.94000000000001,95.97333333333334,24.966666666666665,120.0
146,Shai Gilgeous-Alexander,3&D-Movement Shooter-Movement Shooter-Wing Shot Creator,3&D,Movement Shooter,Movement Shooter,Wing Shot Creator,126.12380952380951,98.66666666666667,27.510714285714286,84.0
147,Shai Gilgeous-Alexander,Rim Runner/Protector-Shot Creator Guard-Shot Creator Guard-Wing Shot Creator,Rim Runner/Protector,Shot Creator Guard,Shot Creator Guard,Wing Shot Creator,116.59999999999998,95.7,20.8,82.0
148,Shai Gilgeous-Alexander,3&D-All Around Big-Shot Creator Guard-Shot Creator Guard,3&D,All Around Big,Shot Creator Guard,Shot Creator Guard,118.67777777777776,84.37777777777777,34.38888888888889,54.0
149,Shai Gilgeous-Alexander,Movement Shooter-Pure Point Guard-Pure Point Guard-Stretch Big,Movement Shooter,Pure Point Guard,Pure Point Guard,Stretch Big,137.05625,94.03958333333333,43.03958333333333,48.0
150,Stephen Curry,Rim Runner/Protector-Wing Shot Creator-Wing Shot Creator-Wing Shot Creator,Rim Runner/Protector,Wing Shot Creator,Wing Shot Creator,Wing Shot Creator,114.6289603960396,99.6947400990099,14.930259900990098,1616.0
151,Stephen Curry,All Around Big-Rim Runner/Protector-Wing Shot Creator-Wing Shot Creator,All Around Big,Rim Runner/Protector,Wing Shot Creator,Wing Shot Creator,119.5876404494382,101.94157303370787,17.641822721598,801.0
152,Stephen Curry,All Around Big-Post Scorer-Shot Creator Guard-Wing Shot Creator,All Around Big,Post Scorer,Shot Creator Guard,Wing Shot Creator,122.06872037914692,97.43159557661929,24.710742496050553,633.0
153,Stephen Curry,All Around Big-Movement Shooter-Rim Runner/Protector-Wing Shot Creator,All Around Big,Movement Shooter,Rim Runner/Protector,Wing Shot Creator,120.60160857908848,100.76809651474531,19.875067024128686,373.0
154,Stephen Curry,Post Scorer-Rim Runner/Protector-Wing Shot Creator-Wing Shot Creator,Post Scorer,Rim Runner/Protector,Wing Shot Creator,Wing Shot Creator,122.91008902077151,92.4219584569733,30.48724035608309,337.0
155,Stephen Curry,Movement Shooter-Shot Creator Guard-Stretch Big-Wing Shot Creator,Movement Shooter,Shot Creator Guard,Stretch Big,Wing Shot Creator,117.17836879432623,102.43581560283688,14.73900709219858,282.0
156,Stephen Curry,Movement Shooter-Wing Shot Creator-Wing Shot Creator-Wing Shot Creator,Movement Shooter,Wing Shot Creator,Wing Shot Creator,Wing Shot Creator,122.73450980392157,93.76156862745097,28.972941176470588,255.0
157,Stephen Curry,Wing Shot Creator-Wing Shot Creator-Wing Shot Creator-Wing Shot Creator,Wing Shot Creator,Wing Shot Creator,Wing Shot Creator,Wing Shot Creator,135.1,94.9,40.2,172.0
158,Stephen Curry,Movement Shooter-Post Scorer-Wing Shot Creator-Wing Shot Creator,Movement Shooter,Post Scorer,Wing Shot Creator,Wing Shot Creator,117.92792792792793,98.06216216216215,19.836036036036038,111.0
159,Stephen Curry,All Around Big-Movement Shooter-Stretch Big-Wing Shot Creator,All Around Big,Movement Shooter,Stretch Big,Wing Shot Creator,121.07830188679245,99.06792452830189,22.016037735849054,106.0
160,Stephen Curry,All Around Big-Post Scorer-Rim Runner/Protector-Wing Shot Creator,All Around Big,Post Scorer,Rim Runner/Protector,Wing Shot Creator,135.35647058823528,98.67764705882354,36.73294117647059,85.0
161,Stephen Curry,Rim Runner/Protector-Rim Runner/Protector-Shot Creator Guard-Wing Shot Creator,Rim Runner/Protector,Rim Runner/Protector,Shot Creator Guard,Wing Shot Creator,129.37534246575342,97.33561643835617,32.039726027397265,73.0
162,Stephen Curry,3&D-Rim Runner/Protector-Shot Creator Guard-Wing Shot Creator,3&D,Rim Runner/Protector,Shot Creator Guard,Wing Shot Creator,128.17115384615386,85.95384615384616,42.2173076923077,52.0
163,Stephen Curry,Shot Creator Guard-Stretch Big-Wing Shot Creator-Wing Shot Creator,Shot Creator Guard,Stretch Big,Wing Shot Creator,Wing Shot Creator,134.60384615384615,123.47307692307693,11.092307692307692,52.0
164,Stephen Curry,Movement Shooter-Post Scorer-Rim Runner/Protector-Wing Shot Creator,Movement Shooter,Post Scorer,Rim Runner/Protector,Wing Shot Creator,134.2125,104.63125000000001,29.57291666666667,48.0
