,TeamID,SEASON,LeagueID,PLAYER,NICKNAME,PLAYER_SLUG,NUM,POSITION,HEIGHT,WEIGHT,BIRTH_DATE,AGE,EXP,SCHOOL,PLAYER_ID,HOW_ACQUIRED
0,1610612737,2024,00,Jacob Toppin,Jacob,jacob-toppin,00,F,6-8,200,"MAY 08, 2000",25.0,1,Kentucky,1631210,Signed on 03/04/25
1,1610612737,2024,00,Jalen Johnson,Jalen,jalen-johnson,1,F,6-8,219,"DEC 18, 2001",23.0,3,Duke,1630552,#20 Pick in 2021 Draft
2,1610612737,2024,00,Keaton Wallace,Keaton,keaton-wallace,2,G,6-3,185,"FEB 26, 1999",26.0,R,Texas-San Antonio,1630811,Signed on 09/29/23
3,1610612737,2024,00,Caris LeVert,Caris,caris-levert,3,G,6-6,205,"AUG 25, 1994",30.0,8,Michigan,1627747,
4,1610612737,2024,00,Kobe Bufkin,Kobe,kobe-bufkin,4,G,6-4,195,"SEP 21, 2003",21.0,1,Michigan,1641723,
5,1610612737,2024,00,Dyson Daniels,Dyson,dyson-daniels,5,G,6-7,199,"MAR 17, 2003",22.0,2,NBA G League Ignite,1630700,Traded from NOP on 07/06/24
6,1610612737,2024,00,Zaccharie Risacher,Zaccharie,zaccharie-risacher,10,F,6-8,200,"APR 08, 2005",20.0,R,JL Bourg-en-Bresse,1642258,#1 Pick in 2024 Draft
7,1610612737,2024,00,Trae Young,Trae,trae-young,11,G,6-1,164,"SEP 19, 1998",26.0,6,Oklahoma,1629027,Draft Rights Traded from DAL on 06/21/18
8,1610612737,2024,00,Terance Mann,Terance,terance-mann,14,G-F,6-5,215,"OCT 18, 1996",28.0,5,Florida State,1629611,
9,1610612737,2024,00,Clint Capela,Clint,clint-capela,15,C,6-10,256,"MAY 18, 1994",31.0,10,Elan Chalon,203991,
10,1610612737,2024,00,Onyeka Okongwu,Onyeka,onyeka-okongwu,17,F-C,6-10,240,"DEC 11, 2000",24.0,4,Southern California,1630168,#6 Pick in 2020 Draft
11,1610612737,2024,00,Mouhamed Gueye,Mouhamed,mouhamed-gueye,18,F,6-10,210,"NOV 09, 2002",22.0,1,Washington State,1631243,Draft Rights Traded from BOS on 06/28/23
12,1610612737,2024,00,Georges Niang,Georges,georges-niang,20,F,6-7,230,"JUN 17, 1993",32.0,8,Iowa State,1627777,
13,1610612737,2024,00,Larry Nance Jr.,Larry,larry-nance-jr,22,F-C,6-8,245,"JAN 01, 1993",32.0,9,Wyoming,1626204,
14,1610612737,2024,00,Garrison Mathews,Garrison,garrison-mathews,24,G,6-6,215,"OCT 24, 1996",28.0,5,Lipscomb,1629726,
15,1610612737,2024,00,Dominick Barlow,Dominick,dominick-barlow,26,F,6-8,215,"MAY 26, 2003",22.0,2,Overtime Elite,1631230,
16,1610612737,2024,00,Vít Krejčí,Vít,vít-krejčí,27,G,6-8,195,"JUN 19, 2000",25.0,3,Zaragoza,1630249,Signed on 12/22/23
17,1610612737,2024,00,Daeqwon Plowden,Daeqwon,daeqwon-plowden,29,G-F,6-6,216,"AUG 29, 1998",26.0,R,Bowling Green,1631342,
18,1610612738,2024,00,Jayson Tatum,Jayson,jayson-tatum,0,F-G,6-8,210,"MAR 03, 1998",27.0,7,Duke,1628369,#3 Pick in 2017 Draft
19,1610612738,2024,00,Miles Norris,Miles,miles-norris,0,F,6-7,220,"APR 15, 2000",25.0,R,Cal-Santa Barbara,1641936,
20,1610612738,2024,00,Jrue Holiday,Jrue,jrue-holiday,4,G,6-4,205,"JUN 12, 1990",35.0,15,UCLA,201950,
21,1610612738,2024,00,Jaylen Brown,Jaylen,jaylen-brown,7,G-F,6-6,223,"OCT 24, 1996",28.0,8,California,1627759,#3 Pick in 2016 Draft
22,1610612738,2024,00,Kristaps Porziņģis,Kristaps,kristaps-porziņģis,8,F-C,7-2,240,"AUG 02, 1995",29.0,9,Cajasol Sevilla,204001,
23,1610612738,2024,00,Derrick White,Derrick,derrick-white,9,G,6-4,190,"JUL 02, 1994",30.0,7,Colorado,1628401,Traded from SAS on 02/10/22
24,1610612738,2024,00,Payton Pritchard,Payton,payton-pritchard,11,G,6-1,195,"JAN 28, 1998",27.0,4,Oregon,1630202,#26 Pick in 2020 Draft
25,1610612738,2024,00,Torrey Craig,Torrey,torrey-craig,12,F,6-5,221,"DEC 19, 1990",34.0,7,South Carolina Upstate,1628470,
26,1610612738,2024,00,Drew Peterson,Drew,drew-peterson,13,F,6-9,205,"NOV 09, 1999",25.0,1,Southern California,1641809,
27,1610612738,2024,00,JD Davison,JD,jd-davison,20,G,6-1,195,"OCT 03, 2002",22.0,2,Alabama,1631120,
28,1610612738,2024,00,Xavier Tillman,Xavier,xavier-tillman,26,F,6-7,245,"JAN 12, 1999",26.0,4,Michigan State,1630214,Traded from MEM on 02/07/24
29,1610612738,2024,00,Jordan Walsh,Jordan,jordan-walsh,27,G,6-6,205,"MAR 03, 2004",21.0,1,Arkansas,1641775,Draft Rights Traded from SAC on 06/28/23
30,1610612738,2024,00,Sam Hauser,Sam,sam-hauser,30,F,6-7,217,"DEC 08, 1997",27.0,3,Virginia,1630573,Signed on 08/13/21
31,1610612738,2024,00,Luke Kornet,Luke,luke-kornet,40,C-F,7-1,250,"JUL 15, 1995",29.0,7,Vanderbilt,1628436,
32,1610612738,2024,00,Al Horford,Al,al-horford,42,C-F,6-9,240,"JUN 03, 1986",39.0,17,Florida,201143,
33,1610612738,2024,00,Baylor Scheierman,Baylor,baylor-scheierman,55,G,6-6,205,"SEP 26, 2000",24.0,R,Creighton,1631248,#30 Pick in 2024 Draft
34,1610612738,2024,00,Neemias Queta,Neemias,neemias-queta,88,C,7-0,248,"JUL 13, 1999",25.0,3,Utah State,1629674,Signed on 09/19/23
35,1610612739,2024,00,Max Strus,Max,max-strus,1,G-F,6-5,215,"MAR 28, 1996",29.0,5,DePaul,1629622,Traded from MIA on 07/06/23
36,1610612739,2024,00,Ty Jerome,Ty,ty-jerome,2,G-F,6-5,195,"JUL 08, 1997",27.0,5,Virginia,1629660,
37,1610612739,2024,00,Evan Mobley,Evan,evan-mobley,4,C,6-11,215,"JUN 18, 2001",24.0,3,Southern California,1630596,#3 Pick in 2021 Draft
38,1610612739,2024,00,Sam Merrill,Sam,sam-merrill,5,G,6-4,205,"MAY 15, 1996",29.0,4,Utah State,1630241,Signed on 03/03/23
39,1610612739,2024,00,Javonte Green,Javonte,javonte-green,8,G,6-5,205,"JUL 23, 1993",31.0,5,Radford,1629750,
40,1610612739,2024,00,Craig Porter Jr.,Craig,craig-porter-jr,9,G,6-1,180,"FEB 26, 2000",25.0,1,Wichita State,1641854,Signed on 07/03/23
41,1610612739,2024,00,Darius Garland,Darius,darius-garland,10,G,6-1,192,"JAN 26, 2000",25.0,5,Vanderbilt,1629636,#5 Pick in 2019 Draft
42,1610612739,2024,00,De'Andre Hunter,De'Andre,deandre-hunter,12,F-G,6-8,221,"DEC 02, 1997",27.0,5,Virginia,1629631,Traded from ATL on 02/06/25
43,1610612739,2024,00,Tristan Thompson,Tristan,tristan-thompson,13,C-F,6-9,254,"MAR 13, 1991",34.0,13,Texas-Austin,202684,
44,1610612739,2024,00,Chuma Okeke,Chuma,chuma-okeke,18,F,6-7,229,"AUG 18, 1998",26.0,4,Auburn,1629643,
45,1610612739,2024,00,Emoni Bates,Emoni,emoni-bates,21,F,6-8,202,"JAN 28, 2004",21.0,1,Eastern Michigan,1641734,
46,1610612739,2024,00,Jaylon Tyson,Jaylon,jaylon-tyson,24,G-F,6-6,215,"DEC 02, 2002",22.0,R,California,1642281,#20 Pick in 2024 Draft
47,1610612739,2024,00,Nae'Qwan Tomlin,Nae'Qwan,naeqwan-tomlin,30,F,6-10,210,"DEC 19, 2000",24.0,R,Memphis,1641772,Signed on 09/23/24
48,1610612739,2024,00,Jarrett Allen,Jarrett,jarrett-allen,31,C,6-9,243,"APR 21, 1998",27.0,7,Texas,1628386,Traded from BKN on 01/16/21
49,1610612739,2024,00,Dean Wade,Dean,dean-wade,32,F-C,6-9,228,"NOV 20, 1996",28.0,5,Kansas State,1629731,Signed on 07/01/19
50,1610612739,2024,00,Luke Travers,Luke,luke-travers,33,F,6-7,207,"SEP 03, 2001",23.0,R,Rockingham Flames (Aus.),1631247,#56 Pick in 2022 Draft
51,1610612739,2024,00,Isaac Okoro,Isaac,isaac-okoro,35,F-G,6-5,225,"JAN 26, 2001",24.0,4,Auburn,1630171,
52,1610612739,2024,00,Donovan Mitchell,Donovan,donovan-mitchell,45,G,6-3,215,"SEP 07, 1996",28.0,7,Louisville,1628378,Traded from UTA on 09/03/22
53,1610612740,2024,00,Keion Brooks Jr.,Keion,keion-brooks-jr,,F,6-7,210,"AUG 07, 2000",24.0,R,Washington,1631232,
54,1610612740,2024,00,Bruce Brown,Bruce,bruce-brown,00,G-F,6-4,202,"AUG 15, 1996",28.0,6,Miami,1628971,
55,1610612740,2024,00,Zion Williamson,Zion,zion-williamson,1,F,6-6,284,"JUL 06, 2000",24.0,5,Duke,1629627,#1 Pick in 2019 Draft
56,1610612740,2024,00,Herbert Jones,Herbert,herbert-jones,2,F,6-7,206,"OCT 06, 1998",26.0,3,Alabama,1630529,#35 Pick in 2021 Draft
57,1610612740,2024,00,CJ McCollum,CJ,cj-mccollum,3,G,6-3,190,"SEP 19, 1991",33.0,11,Lehigh,203468,
58,1610612740,2024,00,Elfrid Payton,Elfrid,elfrid-payton,4,G,6-3,195,"FEB 22, 1994",31.0,8,Louisana-Lafayette,203901,
59,1610612740,2024,00,Dejounte Murray,Dejounte,dejounte-murray,5,G,6-4,180,"SEP 19, 1996",28.0,8,Washington,1627749,Traded from ATL on 07/06/24
60,1610612740,2024,00,Jamal Cain,Jamal,jamal-cain,8,F,6-6,191,"MAR 20, 1999",26.0,2,Oakland,1631288,
61,1610612740,2024,00,Brandon Boston,Brandon,brandon-boston,11,G,6-6,188,"NOV 28, 2001",23.0,3,Kentucky,1630527,
62,1610612740,2024,00,Antonio Reeves,Antonio,antonio-reeves,12,G,6-5,205,"NOV 20, 2000",24.0,R,Kentucky,1641810,
63,1610612740,2024,00,Kelly Olynyk,Kelly,kelly-olynyk,13,F-C,6-11,240,"APR 19, 1991",34.0,11,Gonzaga,203482,
64,1610612740,2024,00,Jose Alvarado,Jose,jose-alvarado,15,G,6-0,179,"APR 12, 1998",27.0,3,Georgia Tech,1630631,Signed on 08/18/21
65,1610612740,2024,00,Karlo Matković,Karlo,karlo-matković,17,F-C,6-10,231,"MAR 30, 2001",24.0,R,Mega Basket,1631255,#52 Pick in 2022 Draft
66,1610612740,2024,00,Yves Missi,Yves,yves-missi,21,C,6-11,235,"MAY 14, 2004",21.0,R,Baylor,1642274,#21 Pick in 2024 Draft
67,1610612740,2024,00,Lester Quinones,Lester,lester-quinones,22,G,6-4,208,"NOV 16, 2000",24.0,2,Memphis,1631311,
68,1610612740,2024,00,Jordan Hawkins,Jordan,jordan-hawkins,24,G,6-5,190,"APR 29, 2002",23.0,1,Connecticut,1641722,#14 Pick in 2023 Draft
69,1610612740,2024,00,Trey Murphy III,Trey,trey-murphy-iii,25,F,6-8,206,"JUN 18, 2000",25.0,3,Virginia,1630530,Draft Rights Traded from MEM on 08/07/21
70,1610612740,2024,00,Jeremiah Robinson-Earl,Jeremiah,jeremiah-robinson-earl,50,F,6-8,240,"NOV 03, 2000",24.0,3,Villanova,1630526,
71,1610612741,2024,00,Coby White,Coby,coby-white,0,G,6-5,195,"FEB 16, 2000",25.0,5,North Carolina,1629632,#7 Pick in 2019 Draft
72,1610612741,2024,00,Lonzo Ball,Lonzo,lonzo-ball,2,G,6-6,190,"OCT 27, 1997",27.0,7,UCLA,1628366,
73,1610612741,2024,00,Josh Giddey,Josh,josh-giddey,3,G,6-8,216,"OCT 10, 2002",22.0,3,NBA Global Academy,1630581,Traded from OKC on 06/21/24
74,1610612741,2024,00,Jevon Carter,Jevon,jevon-carter,5,G,6-1,200,"SEP 14, 1995",29.0,6,West Virginia,1628975,Signed on 07/10/23
75,1610612741,2024,00,Jalen Smith,Jalen,jalen-smith,7,F-C,6-9,215,"MAR 16, 2000",25.0,4,Maryland,1630188,Signed on 07/08/24
76,1610612741,2024,00,Nikola Vučević,Nikola,nikola-vučević,9,C,6-10,260,"OCT 24, 1990",34.0,13,Southern California,202696,Traded from ORL on 03/25/21
77,1610612741,2024,00,Ayo Dosunmu,Ayo,ayo-dosunmu,11,G,6-5,200,"JAN 17, 2000",25.0,3,Illinois,1630245,#38 Pick in 2021 Draft
78,1610612741,2024,00,Jahmir Young,Jahmir,jahmir-young,11,G,6-1,185,"OCT 07, 2000",24.0,R,Maryland,1642443,
79,1610612741,2024,00,Zach Collins,Zach,zach-collins,12,F-C,6-11,250,"NOV 19, 1997",27.0,7,Gonzaga,1628380,Traded from SAS on 02/03/25
80,1610612741,2024,00,Kevin Huerter,Kevin,kevin-huerter,13,G-F,6-7,198,"AUG 27, 1998",26.0,6,Maryland,1628989,Traded from SAC on 02/03/25
81,1610612741,2024,00,Matas Buzelis,Matas,matas-buzelis,14,F,6-10,209,"OCT 13, 2004",20.0,R,NBA G League Ignite,1641824,#11 Pick in 2024 Draft
82,1610612741,2024,00,Julian Phillips,Julian,julian-phillips,15,F,6-8,198,"NOV 05, 2003",21.0,1,Tennessee,1641763,Draft Rights Traded from WAS on 06/28/23
83,1610612741,2024,00,Emanuel Miller,Emanuel,emanuel-miller,20,F,6-7,215,"JUN 19, 2000",25.0,R,TCU,1641801,Signed on 12/27/24
84,1610612741,2024,00,Talen Horton-Tucker,Talen,talen-horton-tucker,22,G,6-4,234,"NOV 25, 2000",24.0,5,Iowa State,1629659,
85,1610612741,2024,00,Dalen Terry,Dalen,dalen-terry,25,F,6-7,195,"JUL 12, 2002",22.0,2,Arizona,1631207,#18 Pick in 2022 Draft
86,1610612741,2024,00,Tre Jones,Tre,tre-jones,30,G,6-1,185,"JAN 08, 2000",25.0,4,Duke,1630200,Traded from SAS on 02/03/25
87,1610612741,2024,00,E.J. Liddell,E.J.,ej-liddell,32,F,6-6,240,"DEC 18, 2000",24.0,1,Ohio State,1630604,
88,1610612741,2024,00,Patrick Williams,Patrick,patrick-williams,44,F,6-7,215,"AUG 26, 2001",23.0,4,Florida State,1630172,#4 Pick in 2020 Draft
89,1610612742,2024,00,Danté Exum,Danté,danté-exum,0,G,6-5,214,"JUL 13, 1995",29.0,8,Australian Institute of Sport,203957,Signed on 07/14/23
90,1610612742,2024,00,Max Christie,Max,max-christie,00,G,6-5,190,"FEB 10, 2003",22.0,2,Michigan State,1631108,Traded from LAL on 02/02/25
91,1610612742,2024,00,Jaden Hardy,Jaden,jaden-hardy,1,G,6-3,198,"JUL 05, 2002",22.0,2,NBA G League Ignite,1630702,Draft Rights Traded from SAC on 06/24/22
92,1610612742,2024,00,Dereck Lively II,Dereck,dereck-lively-ii,2,C,7-1,230,"FEB 12, 2004",21.0,1,Duke,1641726,Draft Rights Traded from OKC on 07/06/23
93,1610612742,2024,00,Anthony Davis,Anthony,anthony-davis,3,F-C,6-10,253,"MAR 11, 1993",32.0,12,Kentucky,203076,Traded from LAL on 02/02/25
94,1610612742,2024,00,Dwight Powell,Dwight,dwight-powell,7,F-C,6-10,240,"JUL 20, 1991",33.0,10,Stanford,203939,Traded from BOS on 12/18/14
95,1610612742,2024,00,Olivier-Maxence Prosper,Olivier-Maxence,olivier-maxence-prosper,8,F,6-7,230,"JUL 03, 2002",22.0,1,Marquette,1641765,
96,1610612742,2024,00,Brandon Williams,Brandon,brandon-williams,10,G,6-1,190,"NOV 22, 1999",25.0,2,Arizona,1630314,Signed on 12/28/23
97,1610612742,2024,00,Kyrie Irving,Kyrie,kyrie-irving,11,G,6-2,195,"MAR 23, 1992",33.0,13,Duke,202681,Traded from BKN on 02/06/23
98,1610612742,2024,00,Naji Marshall,Naji,naji-marshall,13,F,6-6,220,"JAN 24, 1998",27.0,4,Xavier,1630230,Signed on 07/06/24
99,1610612742,2024,00,Caleb Martin,Caleb,caleb-martin,16,F,6-5,205,"SEP 28, 1995",29.0,5,Nevada,1628997,Traded from PHI on 02/04/25
100,1610612742,2024,00,Kessler Edwards,Kessler,kessler-edwards,20,F,6-7,203,"AUG 09, 2000",24.0,3,Pepperdine,1630556,
101,1610612742,2024,00,Daniel Gafford,Daniel,daniel-gafford,21,F-C,6-10,265,"OCT 01, 1998",26.0,5,Arkansas,1629655,Traded from WAS on 02/08/24
102,1610612742,2024,00,Kai Jones,Kai,kai-jones,23,C-F,6-11,221,"JAN 19, 2001",24.0,2,Texas,1630539,
103,1610612742,2024,00,P.J. Washington,P.J.,pj-washington,25,F,6-6,230,"AUG 23, 1998",26.0,5,Kentucky,1629023,Traded from CHA on 02/08/24
104,1610612742,2024,00,Spencer Dinwiddie,Spencer,spencer-dinwiddie,26,G,6-5,215,"APR 06, 1993",32.0,10,Colorado,203915,
105,1610612742,2024,00,Klay Thompson,Klay,klay-thompson,31,G,6-5,220,"FEB 08, 1990",35.0,13,Washington State,202691,Traded from GSW on 07/06/24
106,1610612743,2024,00,Christian Braun,Christian,christian-braun,0,G,6-6,220,"APR 17, 2001",24.0,2,Kansas,1631128,#21 Pick in 2022 Draft
107,1610612743,2024,00,Michael Porter Jr.,Michael,michael-porter-jr,1,F,6-10,218,"JUN 29, 1998",27.0,5,Missouri,1629008,
108,1610612743,2024,00,Julian Strawther,Julian,julian-strawther,3,G,6-6,205,"APR 18, 2002",23.0,1,Gonzaga,1631124,Draft Rights Traded from IND on 06/23/23
109,1610612743,2024,00,Russell Westbrook,Russell,russell-westbrook,4,G,6-4,200,"NOV 12, 1988",36.0,16,UCLA,201566,
110,1610612743,2024,00,Hunter Tyson,Hunter,hunter-tyson,5,F,6-8,215,"JUN 13, 2000",25.0,1,Clemson,1641816,Draft Rights Traded from OKC on 06/23/23
111,1610612743,2024,00,DeAndre Jordan,DeAndre,deandre-jordan,6,C,6-11,265,"JUL 21, 1988",36.0,16,Texas A&M,201599,
112,1610612743,2024,00,Peyton Watson,Peyton,peyton-watson,8,G,6-7,200,"SEP 11, 2002",22.0,2,UCLA,1631212,Draft Rights Traded from OKC on 06/23/22
113,1610612743,2024,00,Dario Šarić,Dario,dario-šarić,9,F-C,6-10,225,"APR 08, 1994",31.0,8,Anadolu Efes,203967,
114,1610612743,2024,00,PJ Hall,PJ,pj-hall,13,C,6-10,245,"FEB 21, 2002",23.0,R,Clemson,1641790,
115,1610612743,2024,00,DaRon Holmes II,DaRon,daron-holmes-ii,14,F,6-10,225,"AUG 15, 2002",22.0,R,Dayton,1641747,Draft Rights Traded from PHX on 06/26/24
116,1610612743,2024,00,Nikola Jokić,Nikola,nikola-jokić,15,C,6-11,284,"FEB 19, 1995",30.0,9,Mega Basket,203999,#41 Pick in 2014 Draft
117,1610612743,2024,00,Spencer Jones,Spencer,spencer-jones,21,F,6-7,225,"JUN 14, 2001",24.0,R,Stanford,1642461,Signed on 07/30/24
118,1610612743,2024,00,Zeke Nnaji,Zeke,zeke-nnaji,22,F-C,6-9,240,"JAN 09, 2001",24.0,4,Arizona,1630192,#22 Pick in 2020 Draft
119,1610612743,2024,00,Trey Alexander,Trey,trey-alexander,23,G,6-4,185,"MAY 02, 2003",22.0,R,Creighton,1641725,
120,1610612743,2024,00,Jalen Pickett,Jalen,jalen-pickett,24,G,6-2,202,"OCT 22, 1999",25.0,1,Penn State,1629618,Draft Rights Traded from IND on 06/23/23
121,1610612743,2024,00,Jamal Murray,Jamal,jamal-murray,27,G,6-4,215,"FEB 23, 1997",28.0,8,Kentucky,1627750,#7 Pick in 2016 Draft
122,1610612743,2024,00,Vlatko Čančar,Vlatko,vlatko-čančar,31,F,6-8,236,"APR 10, 1997",28.0,5,San Pablo Burgos,1628427,
123,1610612743,2024,00,Aaron Gordon,Aaron,aaron-gordon,32,F,6-8,235,"SEP 16, 1995",29.0,10,Arizona,203932,Traded from ORL on 03/25/21
124,1610612744,2024,00,Gary Payton II,Gary,gary-payton-ii,0,G,6-2,195,"DEC 01, 1992",32.0,8,Oregon State,1627780,Traded from POR on 02/09/23
125,1610612744,2024,00,Jonathan Kuminga,Jonathan,jonathan-kuminga,00,F,6-7,225,"OCT 06, 2002",22.0,3,NBA G League Ignite,1630228,#7 Pick in 2021 Draft
126,1610612744,2024,00,Taran Armstrong,Taran,taran-armstrong,1,G,6-5,190,"JAN 15, 2002",23.0,R,"Cairns, Australia",1642379,
127,1610612744,2024,00,Brandin Podziemski,Brandin,brandin-podziemski,2,G,6-4,205,"FEB 25, 2003",22.0,1,Santa Clara,1641764,#19 Pick in 2023 Draft
128,1610612744,2024,00,Moses Moody,Moses,moses-moody,4,G,6-5,211,"MAY 31, 2002",23.0,3,Arkansas,1630541,#14 Pick in 2021 Draft
129,1610612744,2024,00,Kevon Looney,Kevon,kevon-looney,5,F,6-9,222,"FEB 06, 1996",29.0,9,UCLA,1626172,
130,1610612744,2024,00,Buddy Hield,Buddy,buddy-hield,7,G,6-4,220,"DEC 17, 1992",32.0,8,Oklahoma,1627741,Traded from PHI on 07/06/24
131,1610612744,2024,00,Jimmy Butler III,Jimmy,jimmy-butler-iii,10,F,6-7,230,"SEP 14, 1989",35.0,13,Marquette,202710,Traded from MIA on 02/06/25
132,1610612744,2024,00,Braxton Key,Braxton,braxton-key,12,F,6-8,225,"FEB 14, 1997",28.0,3,Virginia,1630296,
133,1610612744,2024,00,Gui Santos,Gui,gui-santos,15,F,6-6,185,"JUN 22, 2002",23.0,1,Minas,1630611,#55 Pick in 2022 Draft
134,1610612744,2024,00,Quinten Post,Quinten,quinten-post,21,C,7-0,238,"MAR 21, 2000",25.0,R,Boston College,1642366,Draft Rights Traded from POR on 07/06/24
135,1610612744,2024,00,Draymond Green,Draymond,draymond-green,23,F,6-6,230,"MAR 04, 1990",35.0,12,Michigan State,203110,#35 Pick in 2012 Draft
136,1610612744,2024,00,Stephen Curry,Stephen,stephen-curry,30,G,6-2,185,"MAR 14, 1988",37.0,15,Davidson,201939,#7 Pick in 2009 Draft
137,1610612744,2024,00,Kevin Knox II,Kevin,kevin-knox-ii,31,F,6-8,215,"AUG 11, 1999",25.0,6,Kentucky,1628995,
138,1610612744,2024,00,Trayce Jackson-Davis,Trayce,trayce-jackson-davis,32,F,6-9,245,"FEB 22, 2000",25.0,1,Indiana,1631218,Draft Rights Traded from WAS on 06/23/23
139,1610612744,2024,00,Jackson Rowe,Jackson,jackson-rowe,44,F,6-7,210,"JAN 04, 1997",28.0,R,California State-Fullerton,1642050,Signed on 07/19/24
140,1610612744,2024,00,Pat Spencer,Pat,pat-spencer,61,G,6-3,205,"JUL 04, 1996",28.0,1,Northwestern,1630311,Signed on 07/23/22
141,1610612745,2024,00,Aaron Holiday,Aaron,aaron-holiday,0,G,6-0,185,"SEP 30, 1996",28.0,6,UCLA,1628988,Signed on 07/10/23
142,1610612745,2024,00,Amen Thompson,Amen,amen-thompson,1,G-F,6-7,200,"JAN 30, 2003",22.0,1,Overtime Elite,1641708,#4 Pick in 2023 Draft
143,1610612745,2024,00,Jock Landale,Jock,jock-landale,2,C,6-11,255,"OCT 25, 1995",29.0,3,St. Mary's,1629111,
144,1610612745,2024,00,N'Faly Dante,N'Faly,nfaly-dante,3,C,6-11,230,"OCT 19, 2001",23.0,R,Oregon,1642368,
145,1610612745,2024,00,Jalen Green,Jalen,jalen-green,4,G,6-4,186,"FEB 09, 2002",23.0,3,NBA G League Ignite,1630224,
146,1610612745,2024,00,Fred VanVleet,Fred,fred-vanvleet,5,G,6-0,197,"FEB 25, 1994",31.0,8,Wichita State,1627832,Signed on 07/07/23
147,1610612745,2024,00,Cam Whitmore,Cam,cam-whitmore,7,F,6-7,230,"JUL 08, 2004",20.0,1,Villanova,1641715,
148,1610612745,2024,00,Jae'Sean Tate,Jae'Sean,jaesean-tate,8,F,6-4,230,"OCT 28, 1995",29.0,4,Ohio State,1630256,Signed on 11/25/20
149,1610612745,2024,00,Dillon Brooks,Dillon,dillon-brooks,9,G-F,6-6,225,"JAN 22, 1996",29.0,7,Oregon,1628415,
150,1610612745,2024,00,Jabari Smith Jr.,Jabari,jabari-smith-jr,10,F,6-10,220,"MAY 13, 2003",22.0,2,Auburn,1631095,#3 Pick in 2022 Draft
151,1610612745,2024,00,Steven Adams,Steven,steven-adams,12,C,6-11,265,"JUL 20, 1993",31.0,11,Pittsburgh,203500,Traded from MEM on 02/01/24
152,1610612745,2024,00,Reed Sheppard,Reed,reed-sheppard,15,G,6-2,185,"JUN 24, 2004",21.0,R,Kentucky,1642263,#3 Pick in 2024 Draft
153,1610612745,2024,00,Tari Eason,Tari,tari-eason,17,F,6-8,215,"MAY 10, 2001",24.0,2,Louisiana State,1631106,#17 Pick in 2022 Draft
154,1610612745,2024,00,Nate Williams,Nate,nate-williams,19,G,6-5,205,"FEB 12, 1999",26.0,2,Buffalo,1631466,
155,1610612745,2024,00,Alperen Sengun,Alperen,alperen-sengun,28,C,6-11,243,"JUL 25, 2002",22.0,3,Besiktas,1630578,Draft Rights Traded from OKC on 07/30/21
156,1610612745,2024,00,Jeff Green,Jeff,jeff-green,32,F,6-8,235,"AUG 28, 1986",38.0,17,Georgetown,201145,Signed on 07/06/23
157,1610612745,2024,00,David Roddy,David,david-roddy,45,F,6-4,255,"MAR 27, 2001",24.0,2,Colorado State,1631223,
158,1610612745,2024,00,Jack McVeigh,Jack,jack-mcveigh,58,G-F,6-8,215,"JUN 27, 1996",29.0,R,Nebraska-Lincoln,1629098,
159,1610612746,2024,00,James Harden,James,james-harden,1,G,6-5,220,"AUG 26, 1989",35.0,15,Arizona State,201935,Traded from PHI on 11/01/23
160,1610612746,2024,00,Kawhi Leonard,Kawhi,kawhi-leonard,2,F,6-7,225,"JUN 29, 1991",34.0,13,San Diego State,202695,Signed on 07/09/19
161,1610612746,2024,00,Seth Lundy,Seth,seth-lundy,5,G-F,6-4,220,"APR 02, 2000",25.0,1,Penn State,1641754,
162,1610612746,2024,00,Amir Coffey,Amir,amir-coffey,7,G-F,6-7,210,"JUN 17, 1997",28.0,5,Minnesota,1629599,
163,1610612746,2024,00,Kris Dunn,Kris,kris-dunn,8,G,6-3,205,"MAR 18, 1994",31.0,8,Providence,1627739,Traded from UTA on 07/18/24
164,1610612746,2024,00,Trentyn Flowers,Trentyn,trentyn-flowers,9,F,6-9,185,"MAR 08, 2005",20.0,R,Adelaide,1642280,Signed on 07/24/24
165,1610612746,2024,00,Bogdan Bogdanović,Bogdan,bogdan-bogdanović,10,G,6-5,225,"AUG 18, 1992",32.0,7,Fenerbahce,203992,Traded from ATL on 02/06/25
166,1610612746,2024,00,Jordan Miller,Jordan,jordan-miller,11,G,6-5,194,"JAN 23, 2000",25.0,1,Miami,1641757,#48 Pick in 2023 Draft
167,1610612746,2024,00,Cam Christie,Cam,cam-christie,12,G,6-6,190,"JUL 24, 2005",19.0,R,Minnesota,1642353,#46 Pick in 2024 Draft
168,1610612746,2024,00,Drew Eubanks,Drew,drew-eubanks,15,F-C,6-10,245,"FEB 01, 1997",28.0,6,Oregon State,1629234,
169,1610612746,2024,00,Kobe Brown,Kobe,kobe-brown,21,F,6-7,250,"JAN 01, 2000",25.0,1,Missouri,1641738,#30 Pick in 2023 Draft
170,1610612746,2024,00,Patrick Baldwin Jr.,Patrick,patrick-baldwin-jr,23,F,6-9,220,"NOV 18, 2002",22.0,2,Wisconsin-Milwaukee,1631116,Signed on 03/01/25
171,1610612746,2024,00,Norman Powell,Norman,norman-powell,24,G,6-4,215,"MAY 25, 1993",32.0,9,UCLA,1626181,
172,1610612746,2024,00,Ben Simmons,Ben,ben-simmons,25,G-F,6-10,240,"JUL 20, 1996",28.0,7,Louisiana State,1627732,
173,1610612746,2024,00,Nicolas Batum,Nicolas,nicolas-batum,33,G-F,6-8,230,"DEC 14, 1988",36.0,16,Le Mans,201587,Signed on 07/09/24
174,1610612746,2024,00,Ivica Zubac,Ivica,ivica-zubac,40,C,7-0,240,"MAR 18, 1997",28.0,8,Mega Basket,1627826,Traded from LAL on 02/07/19
175,1610612746,2024,00,Derrick Jones Jr.,Derrick,derrick-jones-jr,55,F,6-6,210,"FEB 15, 1997",28.0,8,UNLV,1627884,Signed on 07/09/24
176,1610612746,2024,00,Patty Mills,Patty,patty-mills,88,G,6-2,180,"AUG 11, 1988",36.0,15,St. Mary's,201988,
177,1610612747,2024,00,Jarred Vanderbilt,Jarred,jarred-vanderbilt,2,F,6-8,214,"APR 03, 1999",26.0,6,Kentucky,1629020,Traded from UTA on 02/09/23
178,1610612747,2024,00,Dalton Knecht,Dalton,dalton-knecht,4,F,6-6,215,"APR 19, 2001",24.0,R,Tennessee,1642261,#17 Pick in 2024 Draft
179,1610612747,2024,00,Gabe Vincent,Gabe,gabe-vincent,7,G,6-2,200,"JUN 14, 1996",29.0,5,California-Santa Barbara,1629216,Signed on 07/06/23
180,1610612747,2024,00,Bronny James,Bronny,bronny-james,9,G,6-3,210,"OCT 06, 2004",20.0,R,Southern California,1642355,#55 Pick in 2024 Draft
181,1610612747,2024,00,Christian Koloko,Christian,christian-koloko,10,C,7-0,225,"JUN 20, 2000",25.0,2,Arizona,1631132,Signed on 09/16/24
182,1610612747,2024,00,Jaxson Hayes,Jaxson,jaxson-hayes,11,C-F,7-0,220,"MAY 23, 2000",25.0,5,Texas,1629637,Signed on 07/06/23
183,1610612747,2024,00,Maxi Kleber,Maxi,maxi-kleber,14,F,6-10,240,"JAN 29, 1992",33.0,7,Bayern Munich,1628467,Traded from DAL on 02/02/25
184,1610612747,2024,00,Austin Reaves,Austin,austin-reaves,15,G,6-5,197,"MAY 29, 1998",27.0,3,Oklahoma,1630559,Signed on 08/03/21
185,1610612747,2024,00,Dorian Finney-Smith,Dorian,dorian-finney-smith,17,F,6-7,220,"MAY 04, 1993",32.0,8,Florida,1627827,
186,1610612747,2024,00,Shake Milton,Shake,shake-milton,20,G,6-5,205,"SEP 26, 1996",28.0,6,Southern Methodist,1629003,
187,1610612747,2024,00,LeBron James,LeBron,lebron-james,23,F,6-9,250,"DEC 30, 1984",40.0,21,St. Vincent-St. Mary HS (OH),2544,Signed on 07/09/18
188,1610612747,2024,00,Alex Len,Alex,alex-len,27,C,7-0,250,"JUN 16, 1993",32.0,11,Maryland,203458,
189,1610612747,2024,00,Rui Hachimura,Rui,rui-hachimura,28,F,6-8,230,"FEB 08, 1998",27.0,5,Gonzaga,1629060,Traded from WAS on 01/23/23
190,1610612747,2024,00,Jordan Goodwin,Jordan,jordan-goodwin,30,G,6-5,215,"OCT 23, 1998",26.0,3,St. Louis,1630692,
191,1610612747,2024,00,Trey Jemison III,Trey,trey-jemison-iii,55,C,6-11,270,"NOV 28, 1999",25.0,1,Alabama-Birmingham,1641998,
192,1610612747,2024,00,Luka Dončić,Luka,luka-dončić,77,F-G,6-6,230,"FEB 28, 1999",26.0,6,Real Madrid,1629029,Traded from DAL on 02/02/25
193,1610612747,2024,00,Markieff Morris,Markieff,markieff-morris,88,F,6-9,245,"SEP 02, 1989",35.0,13,Kansas,202693,
194,1610612748,2024,00,Isaiah Stevens,Isaiah,isaiah-stevens,,G,6-0,185,"NOV 01, 2000",24.0,R,Colorado State,1641815,
195,1610612748,2024,00,Terry Rozier,Terry,terry-rozier,2,G,6-1,190,"MAR 17, 1994",31.0,9,Louisville,1626179,Traded from CHA on 01/23/24
196,1610612748,2024,00,Nikola Jović,Nikola,nikola-jović,5,F,6-10,205,"JUN 09, 2003",22.0,2,Mega Basket,1631107,#27 Pick in 2022 Draft
197,1610612748,2024,00,Kel'el Ware,Kel'el,kelel-ware,7,C,7-0,230,"APR 20, 2004",21.0,R,Indiana,1642276,#15 Pick in 2024 Draft
198,1610612748,2024,00,Josh Christopher,Josh,josh-christopher,8,G,6-4,215,"DEC 08, 2001",23.0,2,Arizona State,1630528,
199,1610612748,2024,00,Pelle Larsson,Pelle,pelle-larsson,9,G,6-5,215,"FEB 23, 2001",24.0,R,Arizona,1641796,Draft Rights Traded from HOU on 06/27/24
200,1610612748,2024,00,Jaime Jaquez Jr.,Jaime,jaime-jaquez-jr,11,G,6-6,225,"FEB 18, 2001",24.0,1,UCLA,1631170,#18 Pick in 2023 Draft
201,1610612748,2024,00,Dru Smith,Dru,dru-smith,12,G,6-2,203,"DEC 30, 1997",27.0,2,Missouri,1630696,Signed on 07/01/23
202,1610612748,2024,00,Bam Adebayo,Bam,bam-adebayo,13,C-F,6-9,255,"JUL 18, 1997",27.0,7,Kentucky,1628389,#14 Pick in 2017 Draft
203,1610612748,2024,00,Tyler Herro,Tyler,tyler-herro,14,G,6-5,195,"JAN 20, 2000",25.0,5,Kentucky,1629639,#13 Pick in 2019 Draft
204,1610612748,2024,00,Keshad Johnson,Keshad,keshad-johnson,16,F,6-7,225,"JUN 23, 2001",24.0,R,Arizona,1642352,Signed on 07/01/24
205,1610612748,2024,00,Alec Burks,Alec,alec-burks,18,G,6-5,214,"JUL 20, 1991",33.0,13,Colorado,202692,
206,1610612748,2024,00,Kyle Anderson,Kyle,kyle-anderson,20,F-G,6-9,230,"SEP 20, 1993",31.0,10,UCLA,203937,
207,1610612748,2024,00,Andrew Wiggins,Andrew,andrew-wiggins,22,F,6-7,197,"FEB 23, 1995",30.0,10,Kansas,203952,Traded from GSW on 02/06/25
208,1610612748,2024,00,Haywood Highsmith,Haywood,haywood-highsmith,24,F,6-5,220,"DEC 09, 1996",28.0,4,Wheeling Jesuit,1629312,
209,1610612748,2024,00,Kevin Love,Kevin,kevin-love,42,F-C,6-8,251,"SEP 07, 1988",36.0,16,UCLA,201567,
210,1610612748,2024,00,Davion Mitchell,Davion,davion-mitchell,45,G,6-0,202,"SEP 05, 1998",26.0,3,Baylor,1630558,Traded from TOR on 02/06/25
211,1610612748,2024,00,Duncan Robinson,Duncan,duncan-robinson,55,F,6-7,215,"APR 22, 1994",31.0,6,Michigan,1629130,
212,1610612749,2024,00,Damian Lillard,Damian,damian-lillard,0,G,6-2,195,"JUL 15, 1990",34.0,12,Weber State,203081,
213,1610612749,2024,00,Jericho Sims,Jericho,jericho-sims,00,C,6-10,250,"OCT 20, 1998",26.0,3,Texas,1630579,Traded from NYK on 02/06/25
214,1610612749,2024,00,Kevin Porter Jr.,Kevin,kevin-porter-jr,3,G-F,6-4,203,"MAY 04, 2000",25.0,4,Southern California,1629645,Traded from LAC on 02/06/25
215,1610612749,2024,00,Gary Trent Jr.,Gary,gary-trent-jr,5,G,6-5,204,"JAN 18, 1999",26.0,6,Duke,1629018,Signed on 07/20/24
216,1610612749,2024,00,Chris Livingston,Chris,chris-livingston,7,F,6-6,220,"OCT 15, 2003",21.0,1,Kentucky,1641753,#58 Pick in 2023 Draft
217,1610612749,2024,00,Bobby Portis,Bobby,bobby-portis,9,F,6-10,250,"FEB 10, 1995",30.0,9,Arkansas,1626171,Signed on 11/24/20
218,1610612749,2024,00,Brook Lopez,Brook,brook-lopez,11,C,7-1,282,"APR 01, 1988",37.0,16,Stanford,201572,
219,1610612749,2024,00,Taurean Prince,Taurean,taurean-prince,12,F,6-6,218,"MAR 22, 1994",31.0,8,Baylor,1627752,Signed on 07/09/24
220,1610612749,2024,00,Ryan Rollins,Ryan,ryan-rollins,13,G,6-3,180,"JUL 03, 2002",22.0,2,Toledo,1631157,Signed on 02/20/24
221,1610612749,2024,00,Jamaree Bouyea,Jamaree,jamaree-bouyea,15,G,6-2,180,"JUN 27, 1999",26.0,2,San Francisco,1631123,Signed on 03/04/25
222,1610612749,2024,00,Stanley Umude,Stanley,stanley-umude,17,G,6-6,210,"APR 12, 1999",26.0,2,Arkansas,1630649,
223,1610612749,2024,00,Kyle Kuzma,Kyle,kyle-kuzma,18,F,6-9,221,"JUL 24, 1995",29.0,7,Utah,1628398,Traded from WAS on 02/06/25
224,1610612749,2024,00,AJ Green,AJ,aj-green,20,G,6-4,190,"SEP 27, 1999",25.0,2,Northern Iowa,1631260,Signed on 07/01/22
225,1610612749,2024,00,Tyler Smith,Tyler,tyler-smith,21,F,6-9,224,"NOV 02, 2004",20.0,R,NBA G League Ignite,1641890,#33 Pick in 2024 Draft
226,1610612749,2024,00,Pat Connaughton,Pat,pat-connaughton,24,G,6-5,209,"JAN 06, 1993",32.0,9,Notre Dame,1626192,
227,1610612749,2024,00,Giannis Antetokounmpo,Giannis,giannis-antetokounmpo,34,F,6-11,243,"DEC 06, 1994",30.0,11,Filathlitikos,203507,#15 Pick in 2013 Draft
228,1610612749,2024,00,Pete Nance,Pete,pete-nance,35,F,6-10,225,"FEB 19, 2000",25.0,1,Northwestern,1631250,Signed on 02/27/25
229,1610612749,2024,00,Andre Jackson Jr.,Andre,andre-jackson-jr,44,G,6-6,209,"NOV 13, 2001",23.0,1,Connecticut,1641748,Draft Rights Traded from ORL on 06/22/23
230,1610612750,2024,00,Donte DiVincenzo,Donte,donte-divincenzo,0,G,6-4,203,"JAN 31, 1997",28.0,6,Villanova,1628978,Traded from NYK on 10/02/24
231,1610612750,2024,00,Terrence Shannon Jr.,Terrence,terrence-shannon-jr,00,G-F,6-6,215,"JUL 30, 2000",24.0,R,Illinois,1630545,#27 Pick in 2024 Draft
232,1610612750,2024,00,Jaden McDaniels,Jaden,jaden-mcdaniels,3,F,6-9,185,"SEP 29, 2000",24.0,4,Washington,1630183,Draft Rights Traded from OKC on 11/20/20
233,1610612750,2024,00,Rob Dillingham,Rob,rob-dillingham,4,G,6-3,175,"JAN 04, 2005",20.0,R,Kentucky,1642265,Draft Rights Traded from SAS on 06/26/24
234,1610612750,2024,00,Anthony Edwards,Anthony,anthony-edwards,5,G,6-4,225,"AUG 05, 2001",23.0,4,Georgia,1630162,#1 Pick in 2020 Draft
235,1610612750,2024,00,Joe Ingles,Joe,joe-ingles,7,F-G,6-8,220,"OCT 02, 1987",37.0,10,Maccabi Tel Aviv,204060,Signed on 07/06/24
236,1610612750,2024,00,Josh Minott,Josh,josh-minott,8,F,6-8,205,"NOV 25, 2002",22.0,2,Memphis,1631169,
237,1610612750,2024,00,Nickeil Alexander-Walker,Nickeil,nickeil-alexander-walker,9,G,6-5,205,"SEP 02, 1998",26.0,5,Virginia Tech,1629638,
238,1610612750,2024,00,Mike Conley,Mike,mike-conley,10,G,6-0,175,"OCT 11, 1987",37.0,17,Ohio State,201144,Traded from UTA on 02/09/23
239,1610612750,2024,00,Naz Reid,Naz,naz-reid,11,C-F,6-9,264,"AUG 26, 1999",25.0,5,Louisiana State,1629675,Signed on 07/04/19
240,1610612750,2024,00,Tristen Newton,Tristen,tristen-newton,13,G,6-5,190,"APR 26, 2001",24.0,R,Connecticut,1641803,
241,1610612750,2024,00,Jesse Edwards,Jesse,jesse-edwards,14,C,7-0,236,"MAR 18, 2000",25.0,R,West Virginia,1642399,
242,1610612750,2024,00,Jaylen Clark,Jaylen,jaylen-clark,22,G,6-4,205,"OCT 13, 2001",23.0,R,UCLA,1641740,#53 Pick in 2023 Draft
243,1610612750,2024,00,Rudy Gobert,Rudy,rudy-gobert,27,C,7-1,258,"JUN 26, 1992",33.0,11,Cholet,203497,Traded from UTA on 07/06/22
244,1610612750,2024,00,Julius Randle,Julius,julius-randle,30,F-C,6-9,250,"NOV 29, 1994",30.0,10,Kentucky,203944,Traded from NYK on 10/02/24
245,1610612750,2024,00,Leonard Miller,Leonard,leonard-miller,33,F,6-10,220,"NOV 26, 2003",21.0,1,NBA G League Ignite,1631159,Draft Rights Traded from SAS on 06/23/23
246,1610612750,2024,00,Luka Garza,Luka,luka-garza,55,C,6-10,243,"DEC 27, 1998",26.0,3,Iowa,1630568,
247,1610612750,2024,00,Bones Hyland,Bones,bones-hyland,77,G,6-2,169,"SEP 14, 2000",24.0,3,Virginia Commonwealth,1630538,Signed on 02/27/25
248,1610612751,2024,00,Dariq Whitehead,Dariq,dariq-whitehead,0,G-F,6-6,220,"AUG 01, 2004",20.0,1,Duke,1641727,#22 Pick in 2023 Draft
249,1610612751,2024,00,D'Angelo Russell,D'Angelo,dangelo-russell,1,G,6-3,193,"FEB 23, 1996",29.0,9,Ohio State,1626156,
250,1610612751,2024,00,Cameron Johnson,Cameron,cameron-johnson,2,F,6-8,210,"MAR 03, 1996",29.0,5,North Carolina,1629661,
251,1610612751,2024,00,Reece Beekman,Reece,reece-beekman,4,G,6-3,190,"OCT 08, 2001",23.0,R,Virginia,1641736,
252,1610612751,2024,00,Ziaire Williams,Ziaire,ziaire-williams,8,F,6-9,185,"SEP 12, 2001",23.0,3,Stanford,1630533,Traded from MEM on 07/19/24
253,1610612751,2024,00,Trendon Watford,Trendon,trendon-watford,9,G-F,6-8,237,"NOV 09, 2000",24.0,3,Louisiana State,1630570,
254,1610612751,2024,00,Tyson Etienne,Tyson,tyson-etienne,10,G,6-2,200,"SEP 17, 1999",25.0,R,Wichita State,1630623,Signed on 09/10/24
255,1610612751,2024,00,Tosan Evbuomwan,Tosan,tosan-evbuomwan,12,F,6-7,217,"FEB 16, 2001",24.0,1,Princeton,1641787,
256,1610612751,2024,00,Tyrese Martin,Tyrese,tyrese-martin,13,F,6-6,215,"MAR 07, 1999",26.0,1,Connecticut,1631213,Signed on 09/20/24
257,1610612751,2024,00,De'Anthony Melton,De'Anthony,deanthony-melton,14,G,6-3,200,"MAY 28, 1998",27.0,6,Southern California,1629001,
258,1610612751,2024,00,Day'Ron Sharpe,Day'Ron,dayron-sharpe,20,C,6-9,265,"NOV 06, 2001",23.0,3,North Carolina,1630549,Draft Rights Traded from PHX on 08/06/21
259,1610612751,2024,00,Noah Clowney,Noah,noah-clowney,21,F-C,6-9,210,"JUL 14, 2004",20.0,1,Alabama,1641730,#21 Pick in 2023 Draft
260,1610612751,2024,00,Jalen Wilson,Jalen,jalen-wilson,22,F,6-6,220,"NOV 04, 2000",24.0,1,Kansas,1630592,#51 Pick in 2023 Draft
261,1610612751,2024,00,Cam Thomas,Cam,cam-thomas,24,G,6-3,210,"OCT 13, 2001",23.0,3,Louisiana State,1630560,#27 Pick in 2021 Draft
262,1610612751,2024,00,Drew Timme,Drew,drew-timme,26,F,6-10,235,"SEP 09, 2000",24.0,R,Gonzaga,1631166,Signed on 03/28/25
263,1610612751,2024,00,Maxwell Lewis,Maxwell,maxwell-lewis,27,F,6-7,215,"JUL 27, 2002",22.0,1,Pepperdine,1641721,
264,1610612751,2024,00,Nic Claxton,Nic,nic-claxton,33,C,6-11,215,"APR 17, 1999",26.0,5,Georgia,1629651,#31 Pick in 2019 Draft
265,1610612751,2024,00,Keon Johnson,Keon,keon-johnson,45,G,6-5,185,"MAR 10, 2002",23.0,3,Tennessee,1630553,
266,1610612752,2024,00,P.J. Tucker,P.J.,pj-tucker,,F,6-5,245,"MAY 05, 1985",40.0,13,Texas,200782,
267,1610612752,2024,00,Delon Wright,Delon,delon-wright,0,G,6-5,185,"APR 26, 1992",33.0,9,Utah,1626153,
268,1610612752,2024,00,MarJon Beauchamp,MarJon,marjon-beauchamp,0,F,6-7,199,"OCT 12, 2000",24.0,2,NBA G League Ignite,1630699,
269,1610612752,2024,00,Cameron Payne,Cameron,cameron-payne,1,G,6-3,183,"AUG 08, 1994",30.0,9,Murray State,1626166,
270,1610612752,2024,00,Miles McBride,Miles,miles-mcbride,2,G,6-1,195,"SEP 08, 2000",24.0,3,West Virginia,1630540,Draft Rights Traded from OKC on 07/30/21
271,1610612752,2024,00,Josh Hart,Josh,josh-hart,3,G,6-4,215,"MAR 06, 1995",30.0,7,Villanova,1628404,Traded from POR on 02/09/23
272,1610612752,2024,00,Pacôme Dadiet,Pacôme,pacôme-dadiet,4,F,6-8,210,"JUL 27, 2005",19.0,R,Ratiopharm Ulm,1642359,#25 Pick in 2024 Draft
273,1610612752,2024,00,Precious Achiuwa,Precious,precious-achiuwa,5,F,6-8,243,"SEP 19, 1999",25.0,4,Memphis,1630173,
274,1610612752,2024,00,OG Anunoby,OG,og-anunoby,8,F-G,6-7,240,"JUL 17, 1997",27.0,7,Indiana,1628384,Traded from TOR on 12/30/23
275,1610612752,2024,00,Kevin McCullar Jr.,Kevin,kevin-mccullar-jr,9,G,6-6,210,"MAR 15, 2001",24.0,R,Kansas,1641755,Draft Rights Traded from PHX on 06/27/24
276,1610612752,2024,00,Jalen Brunson,Jalen,jalen-brunson,11,G,6-2,190,"AUG 31, 1996",28.0,6,Villanova,1628973,Signed on 07/12/22
277,1610612752,2024,00,Tyler Kolek,Tyler,tyler-kolek,13,G,6-3,195,"MAR 27, 2001",24.0,R,Marquette,1642278,Draft Rights Traded from POR on 06/27/24
278,1610612752,2024,00,Mitchell Robinson,Mitchell,mitchell-robinson,23,C-F,7-0,240,"APR 01, 1998",27.0,6,Western Kentucky,1629011,#36 Pick in 2018 Draft
279,1610612752,2024,00,Mikal Bridges,Mikal,mikal-bridges,25,G-F,6-6,209,"AUG 30, 1996",28.0,6,Villanova,1628969,Traded from BKN on 07/06/24
280,1610612752,2024,00,Anton Watson,Anton,anton-watson,28,F,6-8,225,"OCT 06, 2000",24.0,R,Gonzaga,1641817,
281,1610612752,2024,00,Karl-Anthony Towns,Karl-Anthony,karl-anthony-towns,32,C-F,7-0,248,"NOV 15, 1995",29.0,9,Kentucky,1626157,Traded from MIN on 10/02/24
282,1610612752,2024,00,Landry Shamet,Landry,landry-shamet,44,G,6-4,190,"MAR 13, 1997",28.0,6,Wichita State,1629013,Signed on 09/14/24
283,1610612752,2024,00,Ariel Hukporti,Ariel,ariel-hukporti,55,C,6-11,246,"APR 12, 2002",23.0,R,Riesen Ludwigsburg,1630574,Draft Rights Traded from DAL on 06/27/24
284,1610612753,2024,00,Anthony Black,Anthony,anthony-black,0,G,6-7,200,"JAN 20, 2004",21.0,1,Arkansas,1641710,#6 Pick in 2023 Draft
285,1610612753,2024,00,Jonathan Isaac,Jonathan,jonathan-isaac,1,F,6-10,230,"OCT 03, 1997",27.0,7,Florida State,1628371,#6 Pick in 2017 Draft
286,1610612753,2024,00,Caleb Houstan,Caleb,caleb-houstan,2,G,6-8,205,"JAN 09, 2003",22.0,2,Michigan,1631216,
287,1610612753,2024,00,Desmond Bane,Desmond,desmond-bane,3,G,6-5,215,"JUN 25, 1998",27.0,4,TCU,1630217,Traded from MEM on 06/15/25
288,1610612753,2024,00,Jalen Suggs,Jalen,jalen-suggs,4,G,6-5,205,"JUN 03, 2001",24.0,3,Gonzaga,1630591,#5 Pick in 2021 Draft
289,1610612753,2024,00,Paolo Banchero,Paolo,paolo-banchero,5,F,6-10,250,"NOV 12, 2002",22.0,2,Duke,1631094,#1 Pick in 2022 Draft
290,1610612753,2024,00,Mac McClung,Mac,mac-mcclung,8,G,6-2,185,"JAN 06, 1999",26.0,2,Texas Tech,1630644,
291,1610612753,2024,00,Cory Joseph,Cory,cory-joseph,10,G,6-2,200,"AUG 20, 1991",33.0,13,Texas,202709,
292,1610612753,2024,00,Trevelin Queen,Trevelin,trevelin-queen,12,G,6-5,190,"FEB 25, 1997",28.0,3,New Mexico State,1630243,
293,1610612753,2024,00,Jett Howard,Jett,jett-howard,13,G,6-6,215,"SEP 14, 2003",21.0,1,Michigan,1641724,#11 Pick in 2023 Draft
294,1610612753,2024,00,Gary Harris,Gary,gary-harris,14,G,6-4,210,"SEP 14, 1994",30.0,10,Michigan State,203914,
295,1610612753,2024,00,Moritz Wagner,Moritz,moritz-wagner,21,F-C,6-11,245,"APR 26, 1997",28.0,6,Michigan,1629021,Signed on 04/27/21
296,1610612753,2024,00,Franz Wagner,Franz,franz-wagner,22,F,6-10,220,"AUG 27, 2001",23.0,3,Michigan,1630532,#8 Pick in 2021 Draft
297,1610612753,2024,00,Tristan da Silva,Tristan,tristan-da-silva,23,F,6-8,217,"MAY 15, 2001",24.0,R,Colorado,1641783,#18 Pick in 2024 Draft
298,1610612753,2024,00,Wendell Carter Jr.,Wendell,wendell-carter-jr,34,C-F,6-10,270,"APR 16, 1999",26.0,6,Duke,1628976,Traded from CHI on 03/25/21
299,1610612753,2024,00,Goga Bitadze,Goga,goga-bitadze,35,C-F,6-10,250,"JUL 20, 1999",25.0,5,Mega Basket,1629048,Signed on 02/13/23
300,1610612753,2024,00,Ethan Thompson,Ethan,ethan-thompson,55,G,6-5,195,"MAY 04, 1999",26.0,R,Oregon State,1630679,
301,1610612754,2024,00,Tyrese Haliburton,Tyrese,tyrese-haliburton,0,G,6-5,185,"FEB 29, 2000",25.0,4,Iowa State,1630169,Traded from SAC on 02/08/22
302,1610612754,2024,00,Bennedict Mathurin,Bennedict,bennedict-mathurin,00,G-F,6-5,210,"JUN 19, 2002",23.0,2,Arizona,1631097,#6 Pick in 2022 Draft
303,1610612754,2024,00,Obi Toppin,Obi,obi-toppin,1,F,6-9,220,"MAR 04, 1998",27.0,4,Dayton,1630167,Traded from NYK on 07/07/23
304,1610612754,2024,00,Andrew Nembhard,Andrew,andrew-nembhard,2,G-F,6-4,191,"JAN 16, 2000",25.0,2,Gonzaga,1629614,#31 Pick in 2022 Draft
305,1610612754,2024,00,Thomas Bryant,Thomas,thomas-bryant,3,C-F,6-10,248,"JUL 31, 1997",27.0,7,Indiana,1628418,
306,1610612754,2024,00,Jarace Walker,Jarace,jarace-walker,5,F,6-7,235,"SEP 04, 2003",21.0,1,Houston,1641716,Draft Rights Traded from WAS on 06/23/23
307,1610612754,2024,00,Enrique Freeman,Enrique,enrique-freeman,8,F,6-7,220,"JUL 29, 2000",24.0,R,Akron,1642402,
308,1610612754,2024,00,T.J. McConnell,T.J.,tj-mcconnell,9,G,6-1,190,"MAR 25, 1992",33.0,9,Arizona,204456,Signed on 07/29/19
309,1610612754,2024,00,RayJ Dennis,RayJ,rayj-dennis,10,G,6-2,180,"MAR 30, 2001",24.0,R,Baylor,1642484,Signed on 01/03/25
310,1610612754,2024,00,Johnny Furphy,Johnny,johnny-furphy,12,G,6-9,200,"DEC 08, 2004",20.0,R,Kansas,1642277,Draft Rights Traded from SAS on 07/06/24
311,1610612754,2024,00,Tony Bradley,Tony,tony-bradley,13,C-F,6-11,248,"JAN 08, 1998",27.0,6,North Carolina,1628396,Signed on 03/02/25
312,1610612754,2024,00,James Johnson,James,james-johnson,16,F,6-7,240,"FEB 20, 1987",38.0,15,Wake Forest,201949,
313,1610612754,2024,00,Isaiah Jackson,Isaiah,isaiah-jackson,22,F,6-9,205,"JAN 10, 2002",23.0,3,Kentucky,1630543,Draft Rights Traded from LAL on 08/06/21
314,1610612754,2024,00,Aaron Nesmith,Aaron,aaron-nesmith,23,G-F,6-6,215,"OCT 16, 1999",25.0,4,Vanderbilt,1630174,Traded from BOS on 07/09/22
315,1610612754,2024,00,Ben Sheppard,Ben,ben-sheppard,26,G,6-6,190,"JUL 16, 2001",23.0,1,Belmont,1641767,#26 Pick in 2023 Draft
316,1610612754,2024,00,Quenton Jackson,Quenton,quenton-jackson,29,G,6-5,173,"SEP 15, 1998",26.0,2,Texas A&M,1631245,Signed on 03/04/24
317,1610612754,2024,00,Myles Turner,Myles,myles-turner,33,C-F,6-11,250,"MAR 24, 1996",29.0,9,Texas,1626167,
318,1610612754,2024,00,Pascal Siakam,Pascal,pascal-siakam,43,F,6-8,245,"APR 02, 1994",31.0,8,New Mexico State,1627783,Traded from TOR on 01/17/24
319,1610612755,2024,00,Tyrese Maxey,Tyrese,tyrese-maxey,0,G,6-2,200,"NOV 04, 2000",24.0,4,Kentucky,1630178,#21 Pick in 2020 Draft
320,1610612755,2024,00,Andre Drummond,Andre,andre-drummond,1,C,6-11,279,"AUG 10, 1993",31.0,12,Connecticut,203083,Signed on 07/07/24
321,1610612755,2024,00,Quentin Grimes,Quentin,quentin-grimes,5,G,6-4,210,"MAY 08, 2000",25.0,3,Houston,1629656,Traded from DAL on 02/04/25
322,1610612755,2024,00,Kyle Lowry,Kyle,kyle-lowry,7,G,6-0,196,"MAR 25, 1986",39.0,18,Villanova,200768,Signed on 02/13/24
323,1610612755,2024,00,Paul George,Paul,paul-george,8,F,6-8,220,"MAY 02, 1990",35.0,14,Fresno State,202331,Signed on 07/06/24
324,1610612755,2024,00,Kelly Oubre Jr.,Kelly,kelly-oubre-jr,9,F-G,6-8,203,"DEC 09, 1995",29.0,9,Kansas,1626162,Signed on 09/26/23
325,1610612755,2024,00,Jeff Dowtin Jr.,Jeff,jeff-dowtin-jr,11,G,6-3,177,"MAY 10, 1997",28.0,3,Rhode Island,1630288,
326,1610612755,2024,00,Jared Butler,Jared,jared-butler,12,G,6-3,193,"AUG 25, 2000",24.0,3,Baylor,1630215,
327,1610612755,2024,00,Ricky Council IV,Ricky,ricky-council-iv,14,G,6-6,207,"AUG 03, 2001",23.0,1,Arkansas,1641741,
328,1610612755,2024,00,Lonnie Walker IV,Lonnie,lonnie-walker-iv,16,G-F,6-4,204,"DEC 14, 1998",26.0,6,Miami,1629022,
329,1610612755,2024,00,Jalen Hood-Schifino,Jalen,jalen-hood-schifino,17,G,6-5,210,"JUN 19, 2003",22.0,1,Indiana,1641720,
330,1610612755,2024,00,Justin Edwards,Justin,justin-edwards,19,F,6-7,203,"DEC 16, 2003",21.0,R,Kentucky,1642348,Signed on 07/04/24
331,1610612755,2024,00,Jared McCain,Jared,jared-mccain,20,G,6-3,195,"FEB 20, 2004",21.0,R,Duke,1642272,#16 Pick in 2024 Draft
332,1610612755,2024,00,Joel Embiid,Joel,joel-embiid,21,C-F,7-0,280,"MAR 16, 1994",31.0,8,Kansas,203954,#3 Pick in 2014 Draft
333,1610612755,2024,00,Eric Gordon,Eric,eric-gordon,23,G,6-3,215,"DEC 25, 1988",36.0,16,Indiana,201569,Signed on 07/10/24
334,1610612755,2024,00,Guerschon Yabusele,Guerschon,guerschon-yabusele,28,F,6-8,265,"DEC 17, 1995",29.0,2,"Rouen, France",1627824,
335,1610612755,2024,00,Adem Bona,Adem,adem-bona,30,F,6-10,235,"MAR 28, 2003",22.0,R,UCLA,1641737,#41 Pick in 2024 Draft
336,1610612755,2024,00,Alex Reese,Alex,alex-reese,65,F-C,6-9,245,"MAY 21, 1999",26.0,R,Alabama,1642024,
337,1610612756,2024,00,Royce O'Neale,Royce,royce-oneale,00,F,6-6,226,"JUN 05, 1993",32.0,7,Baylor,1626220,Traded from BKN on 02/08/24
338,1610612756,2024,00,Ryan Dunn,Ryan,ryan-dunn,0,F,6-8,216,"JAN 07, 2003",22.0,R,Virginia,1642346,Draft Rights Traded from DEN on 06/26/24
339,1610612756,2024,00,Devin Booker,Devin,devin-booker,1,G,6-6,206,"OCT 30, 1996",28.0,9,Kentucky,1626164,#13 Pick in 2015 Draft
340,1610612756,2024,00,Nick Richards,Nick,nick-richards,2,C,7-0,245,"NOV 29, 1997",27.0,4,Kentucky,1630208,Traded from CHA on 01/15/25
341,1610612756,2024,00,Bradley Beal,Bradley,bradley-beal,3,G,6-4,207,"JUN 28, 1993",32.0,12,Florida,203078,
342,1610612756,2024,00,Oso Ighodaro,Oso,oso-ighodaro,4,F,7-0,235,"JUL 14, 2002",22.0,R,Marquette,1642345,Draft Rights Traded from NYK on 06/27/24
343,1610612756,2024,00,Grayson Allen,Grayson,grayson-allen,8,G,6-4,198,"OCT 08, 1995",29.0,6,Duke,1628960,Traded from MIL on 09/27/23
344,1610612756,2024,00,Damion Lee,Damion,damion-lee,10,G-F,6-6,210,"OCT 21, 1992",32.0,7,Drexel,1627814,
345,1610612756,2024,00,Bol Bol,Bol,bol-bol,11,C-F,7-3,220,"NOV 16, 1999",25.0,5,Oregon,1629626,
346,1610612756,2024,00,Collin Gillespie,Collin,collin-gillespie,12,G,6-1,195,"JUN 25, 1999",26.0,1,Villanova,1631221,Signed on 07/02/24
347,1610612756,2024,00,TyTy Washington Jr.,TyTy,tyty-washington-jr,14,G,6-3,195,"NOV 15, 2001",23.0,2,Kentucky,1631102,
348,1610612756,2024,00,Jalen Bridges,Jalen,jalen-bridges,15,F,6-8,225,"MAY 14, 2001",24.0,R,Baylor,1641779,
349,1610612756,2024,00,Cody Martin,Cody,cody-martin,17,F,6-6,205,"SEP 28, 1995",29.0,5,Nevada,1628998,
350,1610612756,2024,00,Vasilije Micic,Vasilije,vasilije-micic,18,G,6-3,188,"JAN 13, 1994",31.0,1,Serbia,203995,
351,1610612756,2024,00,Tyus Jones,Tyus,tyus-jones,21,G,6-1,196,"MAY 10, 1996",29.0,9,Duke,1626145,
352,1610612756,2024,00,Mason Plumlee,Mason,mason-plumlee,22,F-C,6-10,254,"MAR 05, 1990",35.0,11,Duke,203486,
353,1610612756,2024,00,Monté Morris,Monté,monté-morris,23,G,6-2,183,"JUN 27, 1995",30.0,7,Iowa State,1628420,
354,1610612756,2024,00,Kevin Durant,Kevin,kevin-durant,35,F,6-11,240,"SEP 29, 1988",36.0,17,Texas,201142,
355,1610612757,2024,00,Scoot Henderson,Scoot,scoot-henderson,00,G,6-3,206,"FEB 03, 2004",21.0,1,NBA G League Ignite,1630703,#3 Pick in 2023 Draft
356,1610612757,2024,00,Anfernee Simons,Anfernee,anfernee-simons,1,G,6-3,200,"JUN 08, 1999",26.0,6,Edgewater HS (FL),1629014,
357,1610612757,2024,00,Deandre Ayton,Deandre,deandre-ayton,2,C,7-0,252,"JUL 23, 1998",26.0,6,Arizona,1629028,
358,1610612757,2024,00,Matisse Thybulle,Matisse,matisse-thybulle,4,G-F,6-5,201,"MAR 04, 1997",28.0,5,Washington,1629680,Traded from PHI on 02/09/23
359,1610612757,2024,00,Dalano Banton,Dalano,dalano-banton,5,F,6-8,203,"NOV 07, 1999",25.0,3,Nebraska,1630625,
360,1610612757,2024,00,Deni Avdija,Deni,deni-avdija,8,F,6-9,240,"JAN 03, 2001",24.0,4,Maccabi Tel Aviv,1630166,Traded from WAS on 07/06/24
361,1610612757,2024,00,Jerami Grant,Jerami,jerami-grant,9,F,6-7,210,"MAR 12, 1994",31.0,10,Syracuse,203924,Traded from DET on 07/06/22
362,1610612757,2024,00,Justin Minaya,Justin,justin-minaya,10,F,6-5,205,"MAR 26, 1999",26.0,2,Providence,1631303,
363,1610612757,2024,00,Bryce McGowens,Bryce,bryce-mcgowens,11,G,6-6,190,"NOV 08, 2002",22.0,2,Nebraska,1631121,
364,1610612757,2024,00,Shaedon Sharpe,Shaedon,shaedon-sharpe,17,G,6-5,208,"MAY 30, 2003",22.0,2,Kentucky,1631101,#7 Pick in 2022 Draft
365,1610612757,2024,00,Rayan Rupert,Rayan,rayan-rupert,21,G-F,6-6,195,"MAY 31, 2004",21.0,1,New Zealand Breakers,1641712,#43 Pick in 2023 Draft
366,1610612757,2024,00,Donovan Clingan,Donovan,donovan-clingan,23,C,7-2,280,"FEB 23, 2004",21.0,R,Connecticut,1642270,#7 Pick in 2024 Draft
367,1610612757,2024,00,Kris Murray,Kris,kris-murray,24,F,6-8,216,"AUG 19, 2000",24.0,1,Iowa,1631200,#23 Pick in 2023 Draft
368,1610612757,2024,00,Sidy Cissoko,Sidy,sidy-cissoko,25,G,6-6,200,"APR 02, 2004",21.0,1,NBA G League Ignite,1631321,Signed on 02/08/25
369,1610612757,2024,00,Duop Reath,Duop,duop-reath,26,C,6-9,245,"JUN 26, 1996",29.0,1,Louisiana State,1641871,Signed on 10/02/23
370,1610612757,2024,00,Toumani Camara,Toumani,toumani-camara,33,F,6-7,229,"MAY 08, 2000",25.0,1,Dayton,1641739,Traded from PHX on 09/27/23
371,1610612757,2024,00,Jabari Walker,Jabari,jabari-walker,34,F,6-7,237,"JUL 30, 2002",22.0,2,Colorado,1631133,
372,1610612757,2024,00,Robert Williams III,Robert,robert-williams-iii,35,C-F,6-9,249,"OCT 17, 1997",27.0,6,Texas A&M,1629057,Traded from BOS on 10/01/23
373,1610612758,2024,00,Malik Monk,Malik,malik-monk,0,G,6-3,200,"FEB 04, 1998",27.0,7,Kentucky,1628370,Signed on 07/06/22
374,1610612758,2024,00,Terence Davis,Terence,terence-davis,3,G,6-4,201,"MAY 16, 1997",28.0,4,Mississippi,1629056,Signed on 04/09/25
375,1610612758,2024,00,Isaac Jones,Isaac,isaac-jones,3,F,6-9,245,"JUL 11, 2000",24.0,R,Washington State,1642403,Signed on 07/03/24
376,1610612758,2024,00,Doug McDermott,Doug,doug-mcdermott,7,F,6-6,225,"JAN 03, 1992",33.0,10,Creighton,203926,Signed on 10/16/24
377,1610612758,2024,00,Zach LaVine,Zach,zach-lavine,8,G,6-5,200,"MAR 10, 1995",30.0,10,UCLA,203897,Traded from CHI on 02/03/25
378,1610612758,2024,00,DeMar DeRozan,DeMar,demar-derozan,10,G-F,6-6,220,"AUG 07, 1989",35.0,15,Southern California,201942,Traded from CHI on 07/08/24
379,1610612758,2024,00,Domantas Sabonis,Domantas,domantas-sabonis,11,F-C,6-10,240,"MAY 03, 1996",29.0,8,Gonzaga,1627734,Traded from IND on 02/08/22
380,1610612758,2024,00,Keegan Murray,Keegan,keegan-murray,13,F,6-8,225,"AUG 19, 2000",24.0,2,Iowa,1631099,#4 Pick in 2022 Draft
381,1610612758,2024,00,Mason Jones,Mason,mason-jones,15,G,6-4,200,"JUL 21, 1998",26.0,3,Arkansas,1630222,
382,1610612758,2024,00,Jonas Valančiūnas,Jonas,jonas-valančiūnas,17,C,6-11,265,"MAY 06, 1992",33.0,12,Lietuvos rytas Vilnius,202685,
383,1610612758,2024,00,Markelle Fultz,Markelle,markelle-fultz,20,G,6-4,209,"MAY 29, 1998",27.0,7,Washington,1628365,
384,1610612758,2024,00,Devin Carter,Devin,devin-carter,22,G,6-2,195,"MAR 18, 2002",23.0,R,Providence,1642269,#13 Pick in 2024 Draft
385,1610612758,2024,00,Keon Ellis,Keon,keon-ellis,23,G,6-4,175,"JAN 08, 2000",25.0,2,Alabama,1631165,Signed on 07/02/22
386,1610612758,2024,00,Isaiah Crawford,Isaiah,isaiah-crawford,24,F,6-6,220,"NOV 01, 2001",23.0,R,Louisiana Tech,1642384,
387,1610612758,2024,00,Jake LaRavia,Jake,jake-laravia,33,F,6-7,235,"NOV 03, 2001",23.0,2,Wake Forest,1631222,
388,1610612758,2024,00,Trey Lyles,Trey,trey-lyles,41,F,6-9,234,"NOV 05, 1995",29.0,9,Kentucky,1626168,
389,1610612758,2024,00,Jae Crowder,Jae,jae-crowder,99,F,6-6,235,"JUL 06, 1990",34.0,12,Marquette,203109,
390,1610612759,2024,00,Keldon Johnson,Keldon,keldon-johnson,0,F-G,6-5,220,"OCT 11, 1999",25.0,5,Kentucky,1629640,#29 Pick in 2019 Draft
391,1610612759,2024,00,Victor Wembanyama,Victor,victor-wembanyama,1,F-C,7-3,235,"JAN 04, 2004",21.0,1,Metropolitans 92,1641705,#1 Pick in 2023 Draft
392,1610612759,2024,00,Chris Paul,Chris,chris-paul,3,G,6-0,175,"MAY 06, 1985",40.0,19,Wake Forest,101108,
393,1610612759,2024,00,De'Aaron Fox,De'Aaron,deaaron-fox,4,G,6-3,185,"DEC 20, 1997",27.0,7,Kentucky,1628368,Traded from SAC on 02/03/25
394,1610612759,2024,00,Stephon Castle,Stephon,stephon-castle,5,G,6-6,215,"NOV 01, 2004",20.0,R,Connecticut,1642264,#4 Pick in 2024 Draft
395,1610612759,2024,00,David Duke Jr.,David,david-duke-jr,7,G,6-4,204,"OCT 13, 1999",25.0,3,Providence,1630561,
396,1610612759,2024,00,Jeremy Sochan,Jeremy,jeremy-sochan,10,F,6-8,230,"MAY 20, 2003",22.0,2,Baylor,1631110,#9 Pick in 2022 Draft
397,1610612759,2024,00,Jordan McLaughlin,Jordan,jordan-mclaughlin,11,G,6-0,185,"APR 09, 1996",29.0,5,Southern California,1629162,Traded from SAC on 02/03/25
398,1610612759,2024,00,Blake Wesley,Blake,blake-wesley,14,G,6-3,185,"MAR 16, 2003",22.0,2,Notre Dame,1631104,
399,1610612759,2024,00,Bismack Biyombo,Bismack,bismack-biyombo,15,C,6-8,255,"AUG 28, 1992",32.0,13,Baloncesto Fuenlabrada,202687,Signed on 02/09/25
400,1610612759,2024,00,Malaki Branham,Malaki,malaki-branham,22,F,6-4,180,"MAY 12, 2003",22.0,2,Ohio State,1631103,
401,1610612759,2024,00,Devin Vassell,Devin,devin-vassell,24,G-F,6-5,200,"AUG 23, 2000",24.0,4,Florida State,1630170,#11 Pick in 2020 Draft
402,1610612759,2024,00,Riley Minix,Riley,riley-minix,27,F,6-7,230,"SEP 22, 2000",24.0,R,Morehead State,1642434,Signed on 07/20/24
403,1610612759,2024,00,Charles Bassey,Charles,charles-bassey,28,C-F,6-10,230,"OCT 28, 2000",24.0,3,Western Kentucky,1629646,
404,1610612759,2024,00,Julian Champagnie,Julian,julian-champagnie,30,F,6-7,217,"JUN 29, 2001",24.0,2,St. John's,1630577,
405,1610612759,2024,00,Harrison Barnes,Harrison,harrison-barnes,40,F,6-8,225,"MAY 30, 1992",33.0,12,North Carolina,203084,Traded from SAC on 07/08/24
406,1610612759,2024,00,Sandro Mamukelashvili,Sandro,sandro-mamukelashvili,54,F-C,6-9,240,"MAY 23, 1999",26.0,3,Seton Hall,1630572,
407,1610612759,2024,00,Harrison Ingram,Harrison,harrison-ingram,55,F,6-5,230,"NOV 27, 2002",22.0,R,North Carolina,1631127,#48 Pick in 2024 Draft
408,1610612760,2024,00,Shai Gilgeous-Alexander,Shai,shai-gilgeous-alexander,2,G,6-6,195,"JUL 12, 1998",26.0,6,Kentucky,1628983,Traded from LAC on 07/10/19
409,1610612760,2024,00,Dillon Jones,Dillon,dillon-jones,3,F,6-5,235,"OCT 29, 2001",23.0,R,Weber State,1641794,
410,1610612760,2024,00,Luguentz Dort,Luguentz,luguentz-dort,5,G,6-4,220,"APR 19, 1999",26.0,5,Arizona State,1629652,Signed on 07/06/19
411,1610612760,2024,00,Jaylin Williams,Jaylin,jaylin-williams,6,F,6-9,240,"JUN 29, 2002",23.0,2,Arkansas,1631119,#34 Pick in 2022 Draft
412,1610612760,2024,00,Chet Holmgren,Chet,chet-holmgren,7,C-F,7-1,208,"MAY 01, 2002",23.0,1,Gonzaga,1631096,#2 Pick in 2022 Draft
413,1610612760,2024,00,Jalen Williams,Jalen,jalen-williams,8,G-F,6-5,211,"APR 14, 2001",24.0,2,Santa Clara,1631114,#12 Pick in 2022 Draft
414,1610612760,2024,00,Alex Caruso,Alex,alex-caruso,9,G,6-5,186,"FEB 28, 1994",31.0,7,Texas A&M,1627936,Traded from CHI on 06/21/24
415,1610612760,2024,00,Isaiah Joe,Isaiah,isaiah-joe,11,G,6-3,165,"JUL 02, 1999",25.0,4,Arkansas,1630198,Signed on 10/16/22
416,1610612760,2024,00,Ousmane Dieng,Ousmane,ousmane-dieng,13,F,6-9,185,"MAY 21, 2003",22.0,2,New Zealand Breakers,1631172,Draft Rights Traded from NYK on 06/23/22
417,1610612760,2024,00,Adam Flagler,Adam,adam-flagler,14,G,6-3,180,"DEC 01, 1999",25.0,1,Baylor,1641745,
418,1610612760,2024,00,Branden Carlson,Branden,branden-carlson,15,C,7-0,220,"JUN 14, 1999",26.0,R,Utah,1642382,Signed on 11/16/24
419,1610612760,2024,00,Aaron Wiggins,Aaron,aaron-wiggins,21,G,6-5,190,"JAN 02, 1999",26.0,3,Maryland,1630598,#55 Pick in 2021 Draft
420,1610612760,2024,00,Cason Wallace,Cason,cason-wallace,22,G,6-3,195,"NOV 07, 2003",21.0,1,Kentucky,1641717,Draft Rights Traded from DAL on 07/06/23
421,1610612760,2024,00,Ajay Mitchell,Ajay,ajay-mitchell,25,G,6-5,190,"JUN 25, 2002",23.0,R,California-Santa Barbara,1642349,Draft Rights Traded from NYK on 06/27/24
422,1610612760,2024,00,Kenrich Williams,Kenrich,kenrich-williams,34,G-F,6-6,210,"DEC 02, 1994",30.0,6,TCU,1629026,Traded from NOP on 11/23/20
423,1610612760,2024,00,Nikola Topić,Nikola,nikola-topić,44,G,6-6,200,"AUG 10, 2005",19.0,R,Crvena zvezda,1642260,#12 Pick in 2024 Draft
424,1610612760,2024,00,Isaiah Hartenstein,Isaiah,isaiah-hartenstein,55,C-F,7-0,250,"MAY 05, 1998",27.0,6,Zalgiris,1628392,Signed on 07/06/24
425,1610612760,2024,00,Alex Ducas,Alex,alex-ducas,88,G,6-7,220,"DEC 11, 2000",24.0,R,St. Mary's (CA),1642505,
426,1610612761,2024,00,A.J. Lawson,A.J.,aj-lawson,0,G,6-6,179,"JUL 15, 2000",24.0,2,South Carolina,1630639,Signed on 12/11/24
427,1610612761,2024,00,Gradey Dick,Gradey,gradey-dick,1,G-F,6-6,200,"NOV 20, 2003",21.0,1,Kansas,1641711,#13 Pick in 2023 Draft
428,1610612761,2024,00,Jonathan Mogbo,Jonathan,jonathan-mogbo,2,F,6-9,225,"OCT 29, 2001",23.0,R,San Francisco,1642367,#31 Pick in 2024 Draft
429,1610612761,2024,00,Brandon Ingram,Brandon,brandon-ingram,3,F,6-8,190,"SEP 02, 1997",27.0,8,Duke,1627742,Traded from NOP on 02/06/25
430,1610612761,2024,00,Scottie Barnes,Scottie,scottie-barnes,4,F-G,6-7,237,"AUG 01, 2001",23.0,3,Florida State,1630567,#4 Pick in 2021 Draft
431,1610612761,2024,00,Immanuel Quickley,Immanuel,immanuel-quickley,5,G,6-2,190,"JUN 17, 1999",26.0,4,Kentucky,1630193,Traded from NYK on 12/30/23
432,1610612761,2024,00,Jared Rhoden,Jared,jared-rhoden,8,G,6-5,210,"AUG 27, 1999",25.0,2,Seton Hall,1631197,Signed on 02/19/25
433,1610612761,2024,00,RJ Barrett,RJ,rj-barrett,9,F-G,6-6,214,"JUN 14, 2000",25.0,5,Duke,1629628,Traded from NYK on 12/30/23
434,1610612761,2024,00,Colin Castleton,Colin,colin-castleton,11,C,6-10,250,"MAY 25, 2000",25.0,1,Florida,1630658,
435,1610612761,2024,00,Ja'Kobe Walter,Ja'Kobe,jakobe-walter,14,G,6-5,180,"SEP 04, 2004",20.0,R,Baylor,1642266,#19 Pick in 2024 Draft
436,1610612761,2024,00,Garrett Temple,Garrett,garrett-temple,17,G-F,6-5,195,"MAY 08, 1986",39.0,14,Louisiana State,202066,Signed on 07/31/23
437,1610612761,2024,00,Jakob Poeltl,Jakob,jakob-poeltl,19,C,7-0,260,"OCT 15, 1995",29.0,8,Utah,1627751,Traded from SAS on 02/09/23
438,1610612761,2024,00,Ulrich Chomche,Ulrich,ulrich-chomche,22,C,6-11,235,"DEC 30, 2005",19.0,R,NBA Global Academy,1642279,Draft Rights Traded from MEM on 07/06/24
439,1610612761,2024,00,Jamal Shead,Jamal,jamal-shead,23,G,6-1,200,"JUL 24, 2002",22.0,R,Houston,1642347,Draft Rights Traded from SAC on 06/28/24
440,1610612761,2024,00,Chris Boucher,Chris,chris-boucher,25,F,6-9,200,"JAN 11, 1993",32.0,7,Oregon,1628449,
441,1610612761,2024,00,Ochai Agbaji,Ochai,ochai-agbaji,30,G,6-5,215,"APR 20, 2000",25.0,2,Kansas,1630534,Traded from UTA on 02/08/24
442,1610612761,2024,00,Jamison Battle,Jamison,jamison-battle,77,F,6-7,220,"MAY 10, 2001",24.0,R,Ohio State,1642419,Signed on 07/16/24
443,1610612762,2024,00,Jordan Clarkson,Jordan,jordan-clarkson,00,G,6-3,194,"JUN 07, 1992",33.0,10,Missouri,203903,
444,1610612762,2024,00,Taylor Hendricks,Taylor,taylor-hendricks,0,F,6-9,215,"NOV 22, 2003",21.0,1,Central Florida,1641707,#9 Pick in 2023 Draft
445,1610612762,2024,00,Collin Sexton,Collin,collin-sexton,2,G,6-3,190,"JAN 04, 1999",26.0,6,Alabama,1629012,
446,1610612762,2024,00,Keyonte George,Keyonte,keyonte-george,3,G,6-4,185,"NOV 08, 2003",21.0,1,Baylor,1641718,#16 Pick in 2023 Draft
447,1610612762,2024,00,Cody Williams,Cody,cody-williams,5,F,6-7,190,"NOV 20, 2004",20.0,R,Colorado,1642262,#10 Pick in 2024 Draft
448,1610612762,2024,00,Jaden Springer,Jaden,jaden-springer,11,G,6-4,202,"SEP 25, 2002",22.0,3,Tennessee,1630531,
449,1610612762,2024,00,Isaiah Collier,Isaiah,isaiah-collier,13,G,6-3,210,"OCT 08, 2004",20.0,R,Southern California,1642268,#29 Pick in 2024 Draft
450,1610612762,2024,00,Elijah Harkless,Elijah,elijah-harkless,16,G,6-3,195,"FEB 03, 2000",25.0,R,UNLV,1641989,Signed on 01/01/25
451,1610612762,2024,00,Svi Mykhailiuk,Svi,svi-mykhailiuk,19,G-F,6-7,205,"JUN 10, 1997",28.0,6,Kansas,1629004,Signed on 08/10/24
452,1610612762,2024,00,John Collins,John,john-collins,20,F-C,6-9,226,"SEP 23, 1997",27.0,7,Wake Forest,1628381,
453,1610612762,2024,00,Kyle Filipowski,Kyle,kyle-filipowski,22,C,6-11,250,"NOV 07, 2003",21.0,R,Duke,1642271,#32 Pick in 2024 Draft
454,1610612762,2024,00,Lauri Markkanen,Lauri,lauri-markkanen,23,F-C,7-0,240,"MAY 22, 1997",28.0,7,Arizona,1628374,Traded from CLE on 09/03/22
455,1610612762,2024,00,Walker Kessler,Walker,walker-kessler,24,C,7-0,245,"JUL 26, 2001",23.0,2,Auburn,1631117,Draft Rights Traded from MIN on 07/06/22
456,1610612762,2024,00,Micah Potter,Micah,micah-potter,25,C,6-9,248,"APR 06, 1998",27.0,3,Wisconsin,1630695,
457,1610612762,2024,00,Brice Sensabaugh,Brice,brice-sensabaugh,28,F,6-5,235,"OCT 30, 2003",21.0,1,Ohio State,1641729,#28 Pick in 2023 Draft
458,1610612762,2024,00,Johnny Juzang,Johnny,johnny-juzang,33,G,6-5,226,"MAR 17, 2001",24.0,2,UCLA,1630548,
459,1610612762,2024,00,Oscar Tshiebwe,Oscar,oscar-tshiebwe,34,F-C,6-8,255,"NOV 27, 1999",25.0,1,Kentucky,1631131,Signed on 08/12/24
460,1610612762,2024,00,KJ Martin,KJ,kj-martin,99,F,6-6,215,"JAN 06, 2001",24.0,4,IMG Academy (FL),1630231,
461,1610612763,2024,00,Zyon Pullin,Zyon,zyon-pullin,,G,6-4,206,"MAR 03, 2001",24.0,R,Florida,1642389,
462,1610612763,2024,00,Jaylen Wells,Jaylen,jaylen-wells,0,F,6-8,,"AUG 26, 2003",21.0,R,Washington State,1642377,#39 Pick in 2024 Draft
463,1610612763,2024,00,Scotty Pippen Jr.,Scotty,scotty-pippen-jr,1,G,6-1,170,"NOV 10, 2000",24.0,2,Vanderbilt,1630590,Signed on 01/16/24
464,1610612763,2024,00,Kentavious Caldwell-Pope,Kentavious,kentavious-caldwell-pope,3,G,6-5,204,"FEB 18, 1993",32.0,11,Georgia,203484,Traded from ORL on 06/15/25
465,1610612763,2024,00,Vince Williams Jr.,Vince,vince-williams-jr,5,G,6-4,205,"AUG 30, 2000",24.0,2,Virginia Commonwealth,1631246,#47 Pick in 2022 Draft
466,1610612763,2024,00,Santi Aldama,Santi,santi-aldama,7,F-C,7-0,215,"JAN 10, 2001",24.0,3,Loyola-Maryland,1630583,Draft Rights Traded from UTA on 08/07/21
467,1610612763,2024,00,Lamar Stevens,Lamar,lamar-stevens,8,F,6-7,230,"JUL 09, 1997",27.0,4,Penn State,1630205,
468,1610612763,2024,00,Luke Kennard,Luke,luke-kennard,10,G,6-5,206,"JUN 24, 1996",29.0,7,Duke,1628379,
469,1610612763,2024,00,Ja Morant,Ja,ja-morant,12,G,6-2,174,"AUG 10, 1999",25.0,5,Murray State,1629630,#2 Pick in 2019 Draft
470,1610612763,2024,00,Jaren Jackson Jr.,Jaren,jaren-jackson-jr,13,F-C,6-10,242,"SEP 15, 1999",25.0,6,Michigan State,1628991,#4 Pick in 2018 Draft
471,1610612763,2024,00,Zach Edey,Zach,zach-edey,14,C,7-4,305,"MAY 14, 2002",23.0,R,Purdue,1641744,#9 Pick in 2024 Draft
472,1610612763,2024,00,Brandon Clarke,Brandon,brandon-clarke,15,F,6-8,215,"SEP 19, 1996",28.0,5,Gonzaga,1629634,Draft Rights Traded from OKC on 07/06/19
473,1610612763,2024,00,Yuki Kawamura,Yuki,yuki-kawamura,17,G,5-8,159,"MAY 02, 2001",24.0,R,Yokohama B-Corsairs (Japan),1642530,
474,1610612763,2024,00,Cam Spencer,Cam,cam-spencer,24,G,6-4,205,"APR 06, 2000",25.0,R,Connecticut,1642285,Draft Rights Traded from DET on 07/06/24
475,1610612763,2024,00,Jay Huff,Jay,jay-huff,30,C,7-1,240,"AUG 25, 1997",27.0,3,Virginia,1630643,
476,1610612763,2024,00,Marvin Bagley III,Marvin,marvin-bagley-iii,35,F,6-10,235,"MAR 14, 1999",26.0,6,Duke,1628963,
477,1610612763,2024,00,GG Jackson,GG,gg-jackson,45,F,6-9,210,"DEC 17, 2004",20.0,1,South Carolina,1641713,#45 Pick in 2023 Draft
478,1610612763,2024,00,John Konchar,John,john-konchar,46,G,6-5,210,"MAR 22, 1996",29.0,5,Indiana-Purdue Fort Wayne,1629723,Signed on 07/07/19
479,1610612763,2024,00,Cole Anthony,Cole,cole-anthony,50,G,6-2,185,"MAY 15, 2000",25.0,4,North Carolina,1630175,
480,1610612764,2024,00,Bilal Coulibaly,Bilal,bilal-coulibaly,0,G,6-8,195,"JUL 26, 2004",20.0,1,Metropolitans 92,1641731,Draft Rights Traded from IND on 06/23/23
481,1610612764,2024,00,Tristan Vukcevic,Tristan,tristan-vukcevic,00,F,7-0,220,"MAR 11, 2003",22.0,1,Real Madrid,1641774,#42 Pick in 2023 Draft
482,1610612764,2024,00,Colby Jones,Colby,colby-jones,1,G,6-6,207,"MAY 28, 2002",23.0,1,Xavier,1641732,
483,1610612764,2024,00,Jaylen Martin,Jaylen,jaylen-martin,4,G,6-6,216,"JAN 28, 2004",21.0,R,Overtime Elite,1641798,
484,1610612764,2024,00,AJ Johnson,AJ,aj-johnson,5,G,6-5,160,"DEC 01, 2004",20.0,R,Illawarra,1642358,Traded from MIL on 02/06/25
485,1610612764,2024,00,Bub Carrington,Bub,bub-carrington,8,G,6-4,190,"JUL 21, 2005",19.0,R,Pittsburgh,1642267,Draft Rights Traded from POR on 07/06/24
486,1610612764,2024,00,Justin Champagnie,Justin,justin-champagnie,9,G-F,6-6,206,"JUN 29, 2001",24.0,3,Pittsburgh,1630551,Signed on 02/22/24
487,1610612764,2024,00,Jordan Poole,Jordan,jordan-poole,13,G,6-4,194,"JUN 19, 1999",26.0,5,Michigan,1629673,
488,1610612764,2024,00,Saddiq Bey,Saddiq,saddiq-bey,14,G-F,6-7,215,"APR 09, 1999",26.0,4,Villanova,1630180,
489,1610612764,2024,00,Malcolm Brogdon,Malcolm,malcolm-brogdon,15,G,6-4,229,"DEC 11, 1992",32.0,8,Virginia,1627763,
490,1610612764,2024,00,Anthony Gill,Anthony,anthony-gill,16,F,6-8,230,"OCT 17, 1992",32.0,4,Virginia,1630264,Signed on 11/30/20
491,1610612764,2024,00,Kyshawn George,Kyshawn,kyshawn-george,18,F,6-8,200,"DEC 12, 2003",21.0,R,Miami,1642273,Draft Rights Traded from NYK on 06/26/24
492,1610612764,2024,00,Alex Sarr,Alex,alex-sarr,20,C,7-0,205,"APR 26, 2005",20.0,R,Washington Wizards,1642259,#2 Pick in 2024 Draft
493,1610612764,2024,00,JT Thor,JT,jt-thor,21,F,6-9,203,"AUG 26, 2002",22.0,3,Auburn,1630550,
494,1610612764,2024,00,Richaun Holmes,Richaun,richaun-holmes,22,F,6-9,235,"OCT 15, 1993",31.0,9,Bowling Green,1626158,
495,1610612764,2024,00,Corey Kispert,Corey,corey-kispert,24,F,6-6,224,"MAR 03, 1999",26.0,3,Gonzaga,1630557,#15 Pick in 2021 Draft
496,1610612764,2024,00,Khris Middleton,Khris,khris-middleton,32,F,6-7,222,"AUG 12, 1991",33.0,12,Texas A&M,203114,Traded from MIL on 02/06/25
497,1610612764,2024,00,Marcus Smart,Marcus,marcus-smart,36,G,6-3,220,"MAR 06, 1994",31.0,10,Oklahoma State,203935,
498,1610612765,2024,00,Jalen Duren,Jalen,jalen-duren,0,C,6-10,250,"NOV 18, 2003",21.0,2,Memphis,1631105,Draft Rights Traded from NYK on 07/06/22
499,1610612765,2024,00,Ronald Holland II,Ronald,ronald-holland-ii,00,F,6-8,206,"JUL 07, 2005",19.0,R,NBA G League Ignite,1641842,#5 Pick in 2024 Draft
500,1610612765,2024,00,Cade Cunningham,Cade,cade-cunningham,2,G,6-6,220,"SEP 25, 2001",23.0,3,Oklahoma State,1630595,#1 Pick in 2021 Draft
501,1610612765,2024,00,Malik Beasley,Malik,malik-beasley,5,G,6-4,187,"NOV 26, 1996",28.0,8,Florida State,1627736,
502,1610612765,2024,00,Paul Reed,Paul,paul-reed,7,F,6-9,210,"JUN 14, 1999",26.0,4,DePaul,1630194,Awarded on Waivers on 07/09/24
503,1610612765,2024,00,Tim Hardaway Jr.,Tim,tim-hardaway-jr,8,G-F,6-5,205,"MAR 16, 1992",33.0,11,Michigan,203501,
504,1610612765,2024,00,Ausar Thompson,Ausar,ausar-thompson,9,G-F,6-6,205,"JAN 30, 2003",22.0,1,Overtime Elite,1641709,#5 Pick in 2023 Draft
505,1610612765,2024,00,Tobias Harris,Tobias,tobias-harris,12,F,6-8,226,"JUL 15, 1992",32.0,13,Tennessee,202699,Signed on 07/08/24
506,1610612765,2024,00,Ron Harper Jr.,Ron,ron-harper-jr,13,G-F,6-4,233,"APR 12, 2000",25.0,2,Rutgers,1631199,
507,1610612765,2024,00,Dennis Schröder,Dennis,dennis-schröder,17,G,6-1,175,"SEP 15, 1993",31.0,11,Braunschweig,203471,
508,1610612765,2024,00,Simone Fontecchio,Simone,simone-fontecchio,19,F,6-7,209,"DEC 09, 1995",29.0,2,Baskonia,1631323,
509,1610612765,2024,00,Jaden Ivey,Jaden,jaden-ivey,23,G,6-4,195,"FEB 13, 2002",23.0,2,Purdue,1631093,#5 Pick in 2022 Draft
510,1610612765,2024,00,Daniss Jenkins,Daniss,daniss-jenkins,24,G,6-3,165,"AUG 17, 2001",23.0,R,St. John's,1642450,Signed on 07/06/24
511,1610612765,2024,00,Marcus Sasser,Marcus,marcus-sasser,25,G,6-2,195,"SEP 21, 2000",24.0,1,Houston,1631204,Draft Rights Traded from BOS on 06/28/23
512,1610612765,2024,00,Isaiah Stewart,Isaiah,isaiah-stewart,28,F-C,6-8,250,"MAY 22, 2001",24.0,4,Washington,1630191,Draft Rights Traded from HOU on 11/24/20
513,1610612765,2024,00,Bobi Klintman,Bobi,bobi-klintman,34,F,6-9,225,"MAR 06, 2003",22.0,R,Wake Forest,1641752,Draft Rights Traded from MIN on 07/06/24
514,1610612765,2024,00,Tolu Smith,Tolu,tolu-smith,35,F,6-11,,"JUL 26, 2000",24.0,R,Mississippi State,1642449,Signed on 09/17/24
515,1610612765,2024,00,Lindy Waters III,Lindy,lindy-waters-iii,43,F,6-6,210,"JUL 28, 1997",27.0,3,Oklahoma State,1630322,
516,1610612766,2024,00,Miles Bridges,Miles,miles-bridges,0,F,6-7,225,"MAR 21, 1998",27.0,5,Michigan State,1628970,Draft Rights Traded from LAC on 06/21/18
517,1610612766,2024,00,LaMelo Ball,LaMelo,lamelo-ball,1,G,6-7,180,"AUG 22, 2001",23.0,4,Illawarra,1630163,#3 Pick in 2020 Draft
518,1610612766,2024,00,Grant Williams,Grant,grant-williams,2,F,6-6,236,"NOV 30, 1998",26.0,5,Tennessee,1629684,Traded from DAL on 02/08/24
519,1610612766,2024,00,DaQuan Jeffries,DaQuan,daquan-jeffries,3,G-F,6-5,222,"AUG 30, 1997",27.0,5,Tulsa,1629610,
520,1610612766,2024,00,Mark Williams,Mark,mark-williams,5,C,7-0,240,"DEC 16, 2001",23.0,2,Duke,1631109,
521,1610612766,2024,00,Damion Baugh,Damion,damion-baugh,7,G,6-4,194,"AUG 03, 2000",24.0,R,TCU,1641878,
522,1610612766,2024,00,Nick Smith Jr.,Nick,nick-smith-jr,8,G,6-2,185,"APR 18, 2004",21.0,1,Arkansas,1641733,
523,1610612766,2024,00,Wendell Moore Jr.,Wendell,wendell-moore-jr,9,G,6-5,215,"SEP 18, 2001",23.0,2,Duke,1631111,
524,1610612766,2024,00,Josh Green,Josh,josh-green,10,G,6-5,200,"NOV 16, 2000",24.0,4,Arizona,1630182,Traded from DAL on 07/06/24
525,1610612766,2024,00,Jusuf Nurkić,Jusuf,jusuf-nurkić,11,C,7-0,290,"AUG 23, 1994",30.0,10,Cedevita,203994,
526,1610612766,2024,00,Josh Okogie,Josh,josh-okogie,12,G,6-4,213,"SEP 01, 1998",26.0,6,Georgia Tech,1629006,
527,1610612766,2024,00,Moussa Diabaté,Moussa,moussa-diabaté,14,F,6-9,210,"JAN 21, 2002",23.0,2,Michigan,1631217,Signed on 07/31/24
528,1610612766,2024,00,Tre Mann,Tre,tre-mann,23,G,6-3,178,"FEB 03, 2001",24.0,3,Florida,1630544,Traded from OKC on 02/08/24
529,1610612766,2024,00,Brandon Miller,Brandon,brandon-miller,24,F,6-7,200,"NOV 22, 2002",22.0,1,Alabama,1641706,#2 Pick in 2023 Draft
530,1610612766,2024,00,KJ Simpson,KJ,kj-simpson,25,G,6-0,189,"AUG 08, 2002",22.0,R,Colorado,1642354,#42 Pick in 2024 Draft
531,1610612766,2024,00,Seth Curry,Seth,seth-curry,30,G,6-1,185,"AUG 23, 1990",34.0,11,Duke,203552,
532,1610612766,2024,00,Tidjane Salaün,Tidjane,tidjane-salaün,31,F,6-8,207,"AUG 10, 2005",19.0,R,Cholet,1642275,#6 Pick in 2024 Draft
533,1610612766,2024,00,Taj Gibson,Taj,taj-gibson,67,F,6-9,232,"JUN 24, 1985",40.0,15,Southern California,201959,
